dGrainHBS,FaceCovMax,SwellLink,vResol,DatomFissGBx,fNucleate,aAtomDifFiss,fuel_swelling
4.7e-05,0.73287,0.024712,1.89e-18,1.3993e+05,4.81e-09,2.59e-30,66.138
2.69e-05,0.70911,0.042553,4.68e-18,46159,7.21e-11,1.28e-31,38.453
3.75e-05,0.87533,0.023223,4.54e-18,33829,6.69e-09,1.84e-30,51.517
4.32e-05,0.53298,0.035775,3e-18,23177,9.82e-10,2.01e-30,74.642
2.14e-05,0.88422,0.025718,2.2e-18,2.7789e+05,5.09e-09,1.36e-31,32.018
5.04e-05,0.71982,0.025329,5.66e-19,3764.6,1.32e-10,7.46e-32,68.471
5.13e-05,0.87774,0.027974,1.94e-17,5463.7,1.51e-10,1.89e-30,62.297
3.55e-05,0.64715,0.018755,1.37e-17,57264,1.32e-09,1.01e-30,57.261
4.42e-05,0.88406,0.04512,1.65e-18,11840,8.02e-10,7.22e-32,50.615
3.34e-05,0.68003,0.040369,3.08e-18,3960.1,5.07e-09,1.71e-31,48.83
5.32e-05,0.82077,0.0334,3.04e-18,20990,1.02e-10,1.84e-31,64.836
4.56e-05,0.8307,0.03277,8.21e-18,21849,1.35e-08,9.04e-31,58.303
5.48e-05,0.81398,0.043241,6.28e-19,14023,1.01e-08,1.06e-30,62.281
2.45e-05,0.89384,0.050611,3.81e-18,1.6293e+05,3.18e-09,3.12e-30,32.855
5.36e-05,0.83902,0.041903,2.87e-18,12892,1.43e-10,1.4e-31,61.994
2.32e-05,0.61248,0.057983,7.43e-18,7130.7,1.8e-08,7.09e-31,37.618
4.01e-05,0.54616,0.048458,2.34e-18,2.6883e+05,8.74e-11,1.01e-31,60.883
4.7e-05,0.81969,0.063631,8.06e-18,16075,9.7e-09,3.28e-31,48.904
4e-05,0.84884,0.053022,5.73e-18,2.4287e+05,9.38e-11,3.95e-31,47.415
3.49e-05,0.53392,0.03197,1.96e-17,21569,1.08e-09,4.05e-30,58.431
4.95e-05,0.74541,0.030535,2.33e-18,1.1255e+05,2.26e-08,3.33e-31,65.237
2.82e-05,0.54971,0.057524,5.8e-18,36288,1.6e-10,5.88e-32,45.024
2.94e-05,0.6851,0.04821,1.07e-17,1.6071e+05,1.64e-10,1.14e-30,42.677
5.91e-05,0.75832,0.060978,3.89e-18,65936,2.44e-08,2.14e-31,56.722
5.07e-05,0.62241,0.034508,2.14e-18,56526,5.07e-10,6.59e-32,68.819
4.91e-05,0.63997,0.016264,1.21e-18,2.4896e+05,2.72e-08,2.58e-31,75.718
3.42e-05,0.87339,0.031129,1.21e-17,25510,1.42e-10,1.87e-30,43.209
3.19e-05,0.73994,0.040017,4.61e-18,1.5364e+05,1.3e-08,1.66e-30,46.586
5.77e-05,0.87442,0.052312,6.33e-19,16851,1.25e-10,2.76e-31,62.424
2.01e-05,0.75496,0.021565,1.82e-18,2.0125e+05,3.92e-08,8.28e-32,37.676
4.64e-05,0.81486,0.028978,2.85e-19,2.5062e+05,6.53e-09,1.7e-31,61.344
2.74e-05,0.69418,0.03196,4.39e-18,53692,2.23e-09,9.23e-31,42.913
4.14e-05,0.68364,0.019675,7.16e-18,3610.9,1.26e-08,3.81e-30,64.425
5.19e-05,0.58997,0.05395,5.04e-18,9649.1,2.69e-10,1.12e-30,65.92
2.73e-05,0.81272,0.055019,7.96e-18,2.6943e+05,1.47e-10,1.11e-31,34.807
4.06e-05,0.86414,0.029635,2.93e-18,2.4652e+05,8.6e-11,1.32e-30,51.684
5.61e-05,0.54602,0.063919,6.5e-18,4403.9,1.8e-08,3.66e-30,59.054
5.93e-05,0.90095,0.053459,1.47e-18,4394.1,2.13e-09,7e-31,58.189
5.59e-05,0.90492,0.039424,1.85e-18,15610,2.68e-08,1.7e-31,61.368
2.54e-05,0.73088,0.04539,7.48e-19,26582,1.16e-08,1.75e-31,38.807
4.04e-05,0.74733,0.028019,1.61e-18,38862,2.78e-09,1.05e-30,57.14
2.18e-05,0.90258,0.036126,3.57e-18,7513.1,7.78e-11,4.25e-31,29.061
3.71e-05,0.60637,0.024868,3.82e-18,2.3539e+05,5.52e-10,1.23e-30,59.95
2.57e-05,0.84288,0.053066,2.01e-18,4173.9,2.19e-08,4.71e-31,35.896
2.83e-05,0.79661,0.058843,3.54e-18,1.0556e+05,8.01e-11,2.48e-31,35.975
4.82e-05,0.69508,0.030664,5.96e-18,92836,4.21e-10,1.82e-30,66.046
2.56e-05,0.62887,0.050045,1.6e-17,11939,1.03e-10,1.5e-30,39.544
3.38e-05,0.61087,0.049781,8.28e-18,94180,2.87e-08,6.7e-32,49.268
4.57e-05,0.78333,0.01618,5.91e-19,15981,9.94e-11,1.23e-31,63.224
4.56e-05,0.5201,0.055641,1.12e-17,3250.9,1.57e-10,2.23e-31,63.469
2.32e-05,0.69253,0.049999,2.43e-18,8127.7,4.11e-10,7.95e-32,34.541
5.88e-05,0.79168,0.03506,4.9e-18,36771,4.22e-09,3.37e-30,67.84
2.6e-05,0.688,0.029565,1.09e-17,70410,3.04e-10,5.19e-32,40.022
3.56e-05,0.89823,0.023608,2.13e-19,24126,4.8e-08,1.91e-31,53.699
5.97e-05,0.77014,0.017644,6.55e-19,8087.5,9.58e-09,2.01e-31,77.603
4.33e-05,0.64527,0.023409,1.35e-17,32453,1.27e-10,1.27e-30,65.721
5.64e-05,0.52709,0.038964,3.28e-18,6119.8,1.13e-08,1.69e-31,71.683
5.75e-05,0.51843,0.0325,2.17e-18,1.3169e+05,5.91e-10,1.43e-31,79.272
5.26e-05,0.63153,0.04804,1.82e-18,8590.9,3.88e-09,1.94e-31,62.829
4.07e-05,0.56884,0.061607,9.74e-19,39325,4.68e-09,2.17e-31,52.39
4e-05,0.88963,0.060055,1.61e-17,3538.6,9.75e-09,1.47e-30,44.243
2.1e-05,0.78471,0.038517,1.77e-18,1.0042e+05,1.9e-08,1.47e-31,34.052
4.98e-05,0.61585,0.052755,1.06e-17,2.1316e+05,5.32e-10,3.51e-30,63.138
4.1e-05,0.6953,0.060707,1.66e-18,88839,3.19e-08,1.02e-31,49.072
3.98e-05,0.5572,0.053775,1.76e-17,13349,5.74e-08,2.36e-31,54.029
2.5e-05,0.77623,0.055125,3.09e-18,2.5514e+05,3.11e-08,1.98e-31,36.618
4.46e-05,0.74486,0.031539,4.28e-18,31423,3.56e-10,1.87e-31,59.721
2.59e-05,0.69269,0.04096,3.16e-18,81388,5.28e-10,1.22e-30,39.281
4.17e-05,0.85795,0.056942,2.02e-18,78269,3.05e-10,1.55e-30,48.623
2.09e-05,0.71692,0.051186,7.77e-19,1.2109e+05,9.15e-10,6.09e-32,31.967
3.01e-05,0.71366,0.064788,2.28e-19,65678,7.71e-10,5.17e-32,41.925
3.78e-05,0.8475,0.058303,5.58e-18,88705,3.93e-10,4.28e-30,44.694
4.99e-05,0.63108,0.040496,1.52e-18,3226.8,9.56e-10,3.16e-31,65.456
2.66e-05,0.60148,0.047596,1.55e-17,31890,1.46e-08,2.02e-30,43.476
5.99e-05,0.82968,0.015477,1.55e-17,3723.7,1.1e-08,7.64e-32,75.646
5.33e-05,0.74759,0.032353,6.07e-19,1.546e+05,4.99e-10,1.15e-31,68.024
4.65e-05,0.53268,0.028181,1.48e-18,1.4315e+05,2.12e-09,2.09e-31,70.942
2.31e-05,0.55277,0.016148,1.82e-17,83342,1.5e-08,3.06e-31,47.329
3.46e-05,0.83975,0.027019,8.56e-19,34067,5.34e-08,1.83e-31,51.945
5.14e-05,0.62818,0.01724,1.52e-17,2.6998e+05,5.79e-10,2.12e-31,75.264
3.97e-05,0.85527,0.053244,1.77e-17,1.764e+05,5.24e-08,2.25e-31,47.279
4.92e-05,0.69582,0.059711,5.39e-19,19587,2.83e-08,6.85e-32,53.943
4.71e-05,0.57265,0.016341,2.58e-18,19779,8.29e-10,5.25e-31,74.619
5.6e-05,0.85935,0.042982,1.31e-17,1.2703e+05,7.11e-11,2.14e-30,63.984
3.27e-05,0.85772,0.025628,1.29e-17,24102,5.85e-09,1.55e-31,45.716
4.08e-05,0.60369,0.020662,8.61e-18,10614,1.95e-10,1.03e-30,65.419
3.92e-05,0.57615,0.033928,1.29e-18,2.7282e+05,3.01e-09,3.86e-31,60.819
2.66e-05,0.67571,0.055325,1.26e-17,13882,8.55e-09,2.37e-30,39.662
2.06e-05,0.8852,0.051049,1.12e-17,3584.2,9.31e-11,4.77e-30,33.087
6e-05,0.50953,0.020848,5.55e-18,7324.3,3.6e-08,1.02e-30,86.585
3.62e-05,0.55888,0.050787,1.32e-17,1.4904e+05,1.01e-09,1.53e-31,53.195
4.82e-05,0.86274,0.020737,3.78e-18,71829,6.18e-11,1.45e-30,61.502
2e-05,0.56146,0.053335,2.01e-18,1.1623e+05,2.88e-10,1.42e-31,34.69
2.05e-05,0.78844,0.05894,1.97e-17,68773,3.1e-08,4.18e-30,31.797
2.68e-05,0.81589,0.046856,5.06e-18,6360,4.41e-10,8.87e-32,35.238
5.1e-05,0.71059,0.054428,9.4e-19,56709,8.75e-09,2.68e-31,57.259
2.27e-05,0.56707,0.043479,9.85e-19,20128,1.52e-08,2.11e-31,40.764
3.51e-05,0.71799,0.032312,3.42e-18,1.6765e+05,2.12e-09,6.97e-31,51.117
2.36e-05,0.69895,0.038568,2.08e-18,21318,1.84e-10,1.13e-31,35.427
2.82e-05,0.59764,0.033272,6.96e-18,4295.1,1.78e-08,8.95e-31,48.943
4.33e-05,0.705,0.062022,8.94e-18,12505,1.79e-10,3.87e-31,53.493
3.3e-05,0.55441,0.046738,1.36e-17,3739.1,3.47e-10,5.76e-32,50.873
2.89e-05,0.50701,0.042738,5.62e-19,4382.3,1.36e-08,9.9e-32,49.67
3.41e-05,0.77071,0.054517,4.58e-18,7004.5,1.34e-10,6.5e-32,43.412
2.34e-05,0.73213,0.050909,4.75e-18,6188.4,1.83e-10,1.61e-31,33.331
5.14e-05,0.87133,0.042688,1.23e-17,8357.9,1.11e-09,2.62e-31,57.237
5.49e-05,0.66631,0.038838,1.88e-18,79755,1.33e-08,4.82e-30,70.483
4.1e-05,0.66511,0.053605,3.24e-18,40453,1.83e-08,2.5e-30,52.46
3.07e-05,0.50397,0.020926,5.82e-18,11098,2.58e-10,1.09e-30,57.064
3.73e-05,0.78798,0.033731,6.03e-18,1.2385e+05,1.14e-09,3.65e-31,50.099
5.73e-05,0.77494,0.048349,1.11e-18,22476,4.28e-10,1.66e-31,64.434
5.05e-05,0.83917,0.032648,1.63e-18,8402.1,2.83e-08,1.38e-31,62.463
3.93e-05,0.77923,0.031566,5.16e-18,71624,2.35e-09,3.47e-30,53.672
4.93e-05,0.81788,0.035207,3.48e-19,12329,4.07e-10,1.07e-31,60.794
4.3e-05,0.58172,0.042508,1.23e-18,2.1505e+05,3.09e-09,2.94e-31,60.855
4.01e-05,0.68824,0.052962,4.12e-18,91023,2.33e-08,1.1e-30,51.368
5.47e-05,0.60771,0.020989,4.13e-18,32545,5.61e-09,2.71e-31,77.378
4.16e-05,0.5021,0.038155,1.78e-17,43388,4.17e-08,3.61e-31,63.466
3.39e-05,0.75761,0.036536,2.19e-18,4427.4,1.15e-09,4.49e-31,46.92
4.96e-05,0.61029,0.047265,1.08e-17,6945.5,2.92e-08,6.87e-32,61.039
2.16e-05,0.81649,0.039088,1.62e-18,2.2517e+05,1.87e-08,8.13e-31,34.225
4.17e-05,0.89899,0.036342,8.24e-18,7918.1,8.89e-11,1.76e-30,49.803
4.59e-05,0.87185,0.022568,5.65e-18,90206,3.17e-08,4.53e-31,62.287
5e-05,0.73553,0.025291,1.34e-18,82868,3.33e-08,7.2e-31,69.092
4.11e-05,0.80523,0.058695,1.39e-18,1.1701e+05,1.01e-08,9.85e-32,47.089
5.54e-05,0.58864,0.055187,7e-18,1.8477e+05,4.59e-09,6.35e-31,62.493
2.92e-05,0.64366,0.046595,3.5e-18,14233,5.28e-08,1.97e-31,45.853
4.9e-05,0.87501,0.05381,1.62e-17,9335.9,1.07e-09,3.08e-30,52.887
5.31e-05,0.61903,0.021637,1.42e-18,79931,1.73e-08,1.35e-31,76.233
3.05e-05,0.60725,0.059858,1.45e-17,5305.6,7.27e-09,6.22e-31,43.851
3.11e-05,0.66843,0.034943,8.73e-18,30749,2.25e-08,5.25e-32,49.334
4.85e-05,0.90555,0.021371,2.96e-18,34865,3.91e-08,7.43e-32,64.198
5.95e-05,0.71492,0.026264,4.72e-19,4231.2,4.44e-08,4.44e-31,76.425
5.22e-05,0.66103,0.023627,3.39e-18,18590,5.12e-08,2.15e-31,74.174
3.52e-05,0.63097,0.064704,1.58e-18,2.8693e+05,1.55e-08,7.06e-32,45.503
4.49e-05,0.72054,0.045284,1.58e-17,1.5526e+05,2.42e-08,4.81e-30,56.691
3.79e-05,0.88344,0.030499,1.17e-18,1.0589e+05,5.51e-08,5.18e-32,52.611
5.5e-05,0.76395,0.027107,5.48e-19,12220,4.37e-10,3.17e-31,70.838
2.52e-05,0.87953,0.026705,3.96e-18,3506.8,7.11e-10,5.93e-31,33.95
5.7e-05,0.64236,0.018135,1.53e-18,47584,4.15e-08,4.95e-31,81.742
4.32e-05,0.58219,0.033668,3.05e-18,18983,4.39e-08,1.93e-31,64.431
2.96e-05,0.79141,0.038631,7.03e-18,6355.9,2.09e-09,5.28e-31,41.185
4.54e-05,0.61461,0.017946,3.91e-18,8774.4,1.88e-08,1.81e-30,72.181
3.8e-05,0.86101,0.028874,2.59e-18,10654,1.23e-10,1.52e-30,48.53
4.18e-05,0.67026,0.015896,1.3e-18,4142.8,5.52e-10,1.43e-31,63.883
3.68e-05,0.58015,0.064565,2.93e-19,2.3582e+05,6.17e-09,1.14e-31,52.325
3.18e-05,0.50007,0.064101,9.35e-18,1.1236e+05,8.99e-11,9.68e-31,50.855
2.24e-05,0.62188,0.055441,1.27e-17,1.0514e+05,3.58e-08,2.22e-31,37.407
2.39e-05,0.59007,0.020576,3.95e-19,14302,1.91e-09,6.02e-32,44.738
5.81e-05,0.769,0.020415,5.5e-18,33340,2.1e-08,2.85e-30,76.201
3.45e-05,0.70511,0.02864,1.95e-17,47205,2.35e-10,7.79e-32,50.524
5.53e-05,0.90014,0.037567,7.7e-18,79519,4.66e-10,4.49e-31,61.621
5.86e-05,0.63021,0.055072,1.47e-17,17011,5.57e-08,1.05e-31,61.59
3.29e-05,0.83166,0.037134,2.09e-19,4591.7,4.2e-08,1.95e-31,48.833
2.84e-05,0.73858,0.041326,6.07e-18,1.8609e+05,4.84e-09,3.46e-31,41.667
4.76e-05,0.7258,0.029601,1.38e-18,1.8601e+05,9.16e-09,4.25e-30,70.241
5.63e-05,0.53716,0.041288,2.11e-19,1.297e+05,2.91e-08,1.82e-31,75.97
5.6e-05,0.54048,0.047435,1.53e-18,89191,8.21e-09,2.4e-31,67.266
2.38e-05,0.82377,0.038845,7.15e-18,2.0396e+05,9.63e-09,2.72e-30,35.521
3.99e-05,0.56206,0.035119,4.36e-18,19917,2.71e-08,3.8e-31,61.429
4.53e-05,0.7943,0.059177,3.68e-19,11617,5.2e-08,1.91e-31,50.418
2.59e-05,0.6779,0.019693,1.57e-17,61183,1.58e-09,3.57e-31,42.908
4.1e-05,0.62019,0.016432,9.6e-18,77398,1.03e-09,2.87e-30,65.873
4.04e-05,0.54524,0.040696,5.32e-18,10487,9.61e-10,1.23e-31,60.273
5.96e-05,0.72285,0.035724,3.72e-18,2.1129e+05,1.94e-08,2.02e-30,70.397
3.35e-05,0.90444,0.045152,5.6e-19,5575.5,2.09e-10,5.45e-32,39.62
3.02e-05,0.71529,0.020127,1.18e-18,19688,1.83e-09,1.06e-31,47.298
2.61e-05,0.70027,0.060508,5.43e-18,4636.1,2.28e-09,5.31e-32,36.712
4.5e-05,0.68452,0.034394,1.07e-17,3690.9,2.31e-09,4.78e-31,60.865
5.8e-05,0.86579,0.052195,1.56e-18,5209.6,1.25e-09,6.83e-31,59.383
4.21e-05,0.78188,0.052323,2.35e-18,12080,5.21e-09,1.72e-30,50.403
2.79e-05,0.71009,0.054858,1.25e-18,51284,8.79e-09,6.66e-31,40.202
3.88e-05,0.6852,0.029479,1.2e-17,6619.7,1.75e-10,1.12e-30,56.981
3e-05,0.80796,0.030358,9.3e-18,61701,4.72e-09,2.88e-31,43.249
5.63e-05,0.58908,0.02267,1.73e-17,2.4985e+05,3.24e-10,1.13e-31,79.5
2.64e-05,0.8791,0.02663,3.4e-18,5680.5,4.32e-08,4.43e-30,42.776
2.16e-05,0.524,0.032054,3.01e-18,29840,7.13e-09,2.41e-31,42.296
4.22e-05,0.81435,0.051326,4.34e-18,45995,4.46e-10,1.79e-31,50.259
3.12e-05,0.63666,0.021977,1.44e-18,1.0248e+05,5.63e-10,3.63e-31,51.42
4.25e-05,0.54299,0.029317,1.06e-18,6233.4,6.75e-11,5.33e-32,67.881
3.54e-05,0.62651,0.034088,2.78e-19,93631,7.7e-09,1.06e-31,55.806
5.93e-05,0.59366,0.023073,4.78e-18,15914,2.13e-10,2.46e-30,83.818
4.18e-05,0.89881,0.036961,1.4e-17,25375,3.37e-10,1.96e-31,49.704
5.12e-05,0.81691,0.062925,1.16e-18,32943,1.23e-09,1.95e-31,53.397
3.85e-05,0.89158,0.062465,4.19e-18,26049,8.23e-11,2.17e-30,43.133
3.68e-05,0.74887,0.039656,2.1e-19,2.5652e+05,8.11e-09,1.16e-31,51.761
4.46e-05,0.72809,0.053123,1.6e-18,11213,5.77e-08,2.36e-30,53.945
3.57e-05,0.83622,0.018639,4.16e-18,28835,1.19e-08,3.38e-31,52.794
2.83e-05,0.8782,0.064873,1.75e-17,1.9311e+05,1.73e-09,9.14e-31,34.269
5.7e-05,0.7585,0.036589,1.22e-17,1.2034e+05,1.85e-10,4.48e-30,70.071
4.72e-05,0.60181,0.054671,1.8e-18,23896,6.89e-09,1.49e-30,58.021
4.24e-05,0.52948,0.021341,4.56e-18,2.337e+05,4.29e-08,5.8e-32,71.149
3.24e-05,0.5441,0.017802,1.13e-18,1.7374e+05,3.42e-10,1.64e-31,59.261
3.27e-05,0.51504,0.030005,1.05e-17,9234.5,1.8e-10,2.3e-30,57.594
3.7e-05,0.71514,0.04482,8.77e-18,1.3529e+05,3e-09,8.12e-32,49.614
2.26e-05,0.73984,0.021661,4.38e-18,1.0349e+05,1.79e-09,3.92e-30,37.018
4.12e-05,0.57221,0.056813,6.7e-19,46496,1.96e-10,6.98e-32,58.018
4.44e-05,0.5982,0.058592,9.72e-18,95995,7.84e-10,1.77e-30,57.1
5.4e-05,0.83798,0.029374,7.92e-18,2.3981e+05,3.25e-09,1.1e-31,64.412
2.19e-05,0.50341,0.055887,7.34e-19,10150,1.89e-10,5.6e-32,45.412
3.79e-05,0.68714,0.023661,6.56e-18,2.8527e+05,4.18e-09,2.07e-31,57.556
2.43e-05,0.84738,0.052509,2.95e-18,4495.5,6.99e-09,3.37e-30,34.083
5.07e-05,0.63293,0.042683,8.78e-19,5320.8,7.91e-10,3.79e-31,65.855
2e-05,0.80092,0.042362,3.97e-19,10227,1.24e-08,9.99e-32,31.848
4.26e-05,0.63494,0.057636,9.55e-19,35790,1.27e-09,1.53e-31,54.346
3.97e-05,0.77457,0.057297,5.39e-18,1.8522e+05,4.82e-09,5.52e-31,47.362
2.33e-05,0.81144,0.026935,6.05e-18,11281,1.79e-08,6.84e-31,37.799
4.31e-05,0.90378,0.029838,1.49e-17,1.3397e+05,3.79e-09,5.08e-32,53.151
4.92e-05,0.76142,0.036908,3.34e-18,1.2476e+05,2.62e-09,1.74e-30,61.679
3.65e-05,0.54957,0.044059,1.84e-17,22553,1.32e-10,2.01e-31,57.199
3.6e-05,0.79036,0.047191,1.93e-17,2.183e+05,9.22e-10,3.84e-30,46.233
3.28e-05,0.54352,0.018073,1.42e-17,13663,2.77e-08,8.89e-32,61.12
2.37e-05,0.50866,0.046336,3.12e-18,5194.3,3.32e-09,2e-31,42.629
5.71e-05,0.84812,0.025069,2.77e-19,4648.4,1.46e-09,1.57e-31,68.994
4.5e-05,0.80402,0.041525,4.91e-18,16543,4.89e-08,7.27e-32,56.098
3.31e-05,0.85068,0.045785,1.6e-17,19408,2.45e-09,8.1e-31,41.983
4.95e-05,0.67071,0.019869,4.14e-18,84932,3.29e-09,1.78e-30,71.467
2.68e-05,0.68663,0.04416,4.64e-18,28159,1.14e-10,3.58e-31,39.343
2.99e-05,0.81762,0.043296,4.4e-18,9173.1,6.46e-09,1.49e-30,41.003
5.24e-05,0.70536,0.036006,1.89e-17,1.6495e+05,1.3e-09,2.63e-31,65.549
3.5e-05,0.60858,0.026088,7.89e-18,64941,2.55e-08,5.65e-31,58.747
2.12e-05,0.67221,0.036884,2.22e-18,94652,5.66e-09,6.12e-32,35.857
3.22e-05,0.78732,0.01754,1.88e-17,23598,9.54e-09,5.91e-31,50.368
4.86e-05,0.85846,0.030317,9.88e-19,3785.3,3.86e-08,3.73e-30,63.222
2.84e-05,0.53065,0.055965,1.43e-18,5615.2,2.36e-09,9.57e-32,45.026
3.51e-05,0.64652,0.06326,2.17e-18,44802,4.39e-10,6.43e-31,47.618
5.48e-05,0.62474,0.038922,1.04e-18,40221,2.93e-08,2.2e-30,71.343
3.23e-05,0.74412,0.060684,3.93e-18,16111,5.83e-08,2.31e-30,42.574
2.07e-05,0.751,0.045162,6.81e-18,48697,1.41e-10,1.83e-30,44.612
5.68e-05,0.71859,0.06188,1.85e-17,25184,2.04e-09,2.44e-30,58.465
5.89e-05,0.80652,0.023386,1.22e-17,2.6456e+05,6.08e-09,2.26e-31,71.961
2.38e-05,0.51925,0.021111,1.42e-18,10329,7.43e-11,5.67e-32,44.691
2.34e-05,0.64774,0.022623,1.85e-18,51730,1.02e-08,5.79e-31,42.529
3.22e-05,0.87549,0.042193,5.89e-18,2.8569e+05,6.57e-11,6.81e-31,39.109
5.69e-05,0.68892,0.050393,1.64e-17,1.233e+05,6.29e-09,2.71e-30,62.697
5.1e-05,0.73421,0.032922,5.85e-18,8152.6,1.8e-09,6.1e-31,64.789
5.6e-05,0.63026,0.034659,1.1e-18,64228,3.77e-08,1.99e-30,73.748
3.81e-05,0.82919,0.062388,4.3e-18,26122,1.73e-10,3.24e-31,44.63
3.52e-05,0.56748,0.044623,3.44e-18,21730,8.91e-09,3.01e-31,53.164
3.67e-05,0.70012,0.029413,4.74e-18,9454.1,8.49e-11,2.61e-31,53.443
4.65e-05,0.50231,0.029657,2.61e-18,5214.9,1.02e-09,7.9e-31,71.997
3.15e-05,0.88212,0.025227,5.74e-18,4661,3.03e-08,1.64e-30,47.04
2.37e-05,0.60056,0.040135,2.79e-18,5929.4,2.03e-09,1.82e-31,40.037
2.91e-05,0.70722,0.052414,2.64e-18,8231.8,1.11e-09,8.15e-31,40.947
2.86e-05,0.50892,0.031868,5.19e-18,6626.8,3.66e-10,5.83e-32,51.22
2.36e-05,0.65993,0.062268,1.5e-17,1.0012e+05,1.62e-09,1.33e-30,35.416
5.43e-05,0.62941,0.031416,7.04e-18,6534.8,4.59e-08,3.35e-30,72.589
4.83e-05,0.82904,0.026572,1.17e-17,11976,1.76e-08,1.01e-30,63.315
4.9e-05,0.89302,0.036774,2.04e-18,2.2148e+05,1.13e-08,2.49e-31,57.572
5.22e-05,0.72473,0.019272,4.64e-19,86950,1.06e-10,1e-31,74.229
2.15e-05,0.64787,0.043338,6.59e-18,19823,6.64e-09,6.05e-32,36.127
3.11e-05,0.83599,0.01537,3.01e-19,1.4157e+05,6.84e-10,9.42e-32,46.803
2.53e-05,0.84505,0.043854,9.98e-18,2.4401e+05,2.15e-09,2.51e-31,34.442
3.31e-05,0.78384,0.037854,1.13e-17,26387,1.77e-10,1.13e-30,44.553
4.41e-05,0.55064,0.055304,5.03e-18,2.916e+05,8.36e-09,3.15e-31,56.633
4.79e-05,0.61639,0.045738,1.67e-18,85536,1.05e-08,2.65e-31,61.061
2.27e-05,0.89523,0.027591,4.53e-18,4065.4,1.18e-09,7.83e-31,31.507
4.79e-05,0.63148,0.042756,1.28e-17,5728.2,1.51e-08,1.92e-31,61.486
4.09e-05,0.81862,0.023032,4.95e-19,62900,2.27e-09,6.4e-32,55.785
4.41e-05,0.83705,0.046116,1.3e-17,19235,5.66e-10,1.85e-30,52.481
5.76e-05,0.74509,0.047944,5.61e-18,11001,8.6e-09,5.63e-32,61.652
4.52e-05,0.82207,0.02681,3.51e-18,25656,3.57e-09,3.2e-30,59.341
5.32e-05,0.86919,0.063886,3.75e-18,2.9636e+05,2.4e-09,2.99e-31,51.977
2.82e-05,0.62704,0.026101,7.39e-18,33685,1.2e-09,1.31e-31,46.743
3.76e-05,0.66008,0.037662,9.01e-18,1.5176e+05,1.96e-08,2.96e-31,55.049
3.23e-05,0.84527,0.045694,1.12e-18,4223.4,8.87e-09,1.46e-30,42.833
3.72e-05,0.53828,0.058643,6.01e-19,5885.9,1.7e-09,7.34e-32,52.21
2.51e-05,0.62153,0.057469,7.94e-18,26775,1.6e-09,1.65e-31,38.461
5.99e-05,0.65609,0.063123,1e-17,8286.5,5.88e-08,9.03e-32,57.752
3.37e-05,0.62454,0.050155,1.42e-17,1.3572e+05,4.13e-09,4.42e-30,48.655
5.4e-05,0.58346,0.04793,1.45e-17,2.5921e+05,1.57e-09,1.38e-31,65.685
3.72e-05,0.88789,0.036796,3.2e-18,97572,2.75e-09,4.2e-31,46.559
4.27e-05,0.80966,0.053911,5.22e-18,3078.1,1.33e-09,3.3e-31,49.64
3.17e-05,0.89674,0.032314,4.03e-18,4301.4,1.86e-10,1.35e-30,39.309
4.81e-05,0.87659,0.055101,1.32e-17,75073,8.48e-10,4.3e-30,52.159
3.5e-05,0.88983,0.018254,8.78e-18,6580.2,9.5e-11,3.89e-30,44.782
3.09e-05,0.90605,0.060167,1e-17,6815.5,8.33e-09,3.9e-30,37.251
5.16e-05,0.8156,0.044429,3.33e-19,71034,8.21e-10,6.21e-32,59.683
5.69e-05,0.68158,0.019783,8.88e-18,8710.7,5.05e-08,1.41e-30,79.461
5.01e-05,0.83809,0.043458,1.51e-18,12514,1.74e-09,6.24e-31,57.522
2.7e-05,0.55209,0.054109,3.58e-19,4313.2,9.37e-09,6.45e-32,43.323
4.23e-05,0.82658,0.050725,1.26e-17,3027.1,2.37e-09,3.33e-30,49.754
2.09e-05,0.71232,0.04025,1.39e-17,6891.6,3.52e-08,1.37e-31,36.42
2.08e-05,0.67246,0.050325,1.52e-17,16435,6.96e-10,3.94e-31,32.696
2.85e-05,0.60276,0.024132,1.4e-18,37568,6.46e-11,5.55e-32,47.541
4.79e-05,0.89484,0.060497,1.9e-17,3689.3,4.96e-08,5.83e-31,49.121
2.93e-05,0.7648,0.039712,1.37e-17,10851,1.59e-08,3.3e-30,43.456
2.77e-05,0.8598,0.035509,5.06e-19,4420.3,4.07e-09,7.13e-32,38.113
3.32e-05,0.75382,0.056611,8.88e-19,12629,3.74e-09,1.93e-31,42.872
2.41e-05,0.6737,0.016831,6.14e-18,41569,9.99e-10,6.06e-32,40.202
2.55e-05,0.66707,0.041869,1.59e-18,1.8266e+05,2.56e-09,4.3e-31,40.355
5.65e-05,0.54137,0.052806,5.18e-19,11427,2.22e-08,2.6e-31,64.746
2.21e-05,0.85397,0.043927,5.12e-18,10283,1.13e-09,7.59e-32,30.712
3.1e-05,0.68183,0.024012,1.03e-18,18528,2.31e-10,1.51e-31,48.099
5.23e-05,0.79181,0.045229,1.48e-17,5651.9,1.41e-09,6.71e-32,58.833
4.16e-05,0.61669,0.018506,1.42e-18,7227.1,4.91e-09,6.76e-32,65.978
5.41e-05,0.54247,0.032543,1.73e-18,1.8861e+05,5.87e-08,7.39e-31,74.751
5.35e-05,0.72913,0.016531,4.23e-18,1.4649e+05,4.95e-10,8.2e-31,74.006
5.52e-05,0.62213,0.051129,2.16e-18,11711,3e-10,2.33e-31,67.559
5.77e-05,0.85466,0.035266,5.26e-18,5991.8,5.4e-09,4.55e-31,64.708
5.42e-05,0.75479,0.053557,1.79e-17,1.3788e+05,1.4e-09,2.88e-30,59.602
5.97e-05,0.7074,0.018958,1.25e-17,6067.4,2.03e-10,7.31e-31,79.552
4.42e-05,0.87952,0.049886,3.58e-18,2.5258e+05,1.91e-10,1.32e-31,50.645
5.44e-05,0.65804,0.045988,1.75e-18,38083,1.25e-09,1.41e-30,66.557
5.06e-05,0.65735,0.037553,4.79e-18,8607.6,2.08e-08,1.32e-31,65.034
5.27e-05,0.53815,0.049696,1.53e-17,1.5027e+05,8.52e-10,7.87e-32,66.576
4.05e-05,0.58392,0.028281,1.89e-17,3149.5,2e-10,8.37e-32,62.108
5.55e-05,0.74433,0.039848,2.99e-18,7713.2,1.13e-09,1.4e-31,65.207
3.53e-05,0.67386,0.049622,4.84e-18,2.5549e+05,1.22e-08,4.02e-30,49.214
3.26e-05,0.5484,0.062667,1.7e-17,4191.8,3.6e-09,1.66e-31,46.277
4.91e-05,0.8804,0.043903,1.3e-18,1.3262e+05,7.09e-09,9.08e-31,56.168
5.75e-05,0.592,0.019929,6.36e-18,5337.3,5.74e-09,2.23e-30,81.271
4.01e-05,0.85193,0.01917,1.61e-17,50007,1.64e-09,7.15e-31,54.227
5.72e-05,0.86638,0.061069,4.54e-18,15935,1.01e-10,9.63e-32,59.012
4.59e-05,0.64277,0.054834,8.86e-19,1.1562e+05,4.57e-08,1.79e-31,55.607
5.21e-05,0.74113,0.027538,9.36e-19,23320,6.86e-10,8.76e-32,67.65
4.89e-05,0.60703,0.049102,5.83e-19,1.0901e+05,1.9e-09,2.18e-31,62.947
4.26e-05,0.64731,0.050475,1.54e-18,14480,3.53e-08,5.4e-31,55.086
3.64e-05,0.57928,0.035342,3.98e-18,17380,1.9e-10,4.83e-31,57.649
5.56e-05,0.66373,0.027166,2.3e-18,1.0862e+05,7.99e-10,2.57e-31,74.075
3.03e-05,0.55532,0.019025,8.01e-18,8564.8,3.99e-10,6.03e-32,53.612
4.94e-05,0.68416,0.028476,2.45e-19,75968,2.98e-09,1.46e-31,68.88
5.11e-05,0.8401,0.042158,3.23e-18,1.6626e+05,2.58e-08,3.42e-30,59.244
4.41e-05,0.68549,0.021732,2.75e-18,92462,7.68e-11,1.33e-31,64.67
5.15e-05,0.81308,0.029286,5.38e-19,4708.7,1.69e-08,9.74e-31,65.334
4.45e-05,0.51344,0.022509,9.51e-18,14123,7.3e-10,5.84e-31,72.429
5.16e-05,0.67268,0.063574,1.22e-18,6870.4,2.42e-09,9.01e-32,55.702
2.52e-05,0.86746,0.033328,3.5e-19,72988,5.71e-08,5.81e-32,41.239
2.44e-05,0.70636,0.042873,9.95e-18,2.1706e+05,1.24e-08,3.28e-30,38.975
2.5e-05,0.50094,0.029246,3.77e-18,44743,1.04e-10,8.4e-32,46.923
4.26e-05,0.70825,0.051347,5.99e-18,17588,5.7e-10,2.47e-30,54.341
5.19e-05,0.52565,0.060221,1.74e-17,14626,1.33e-10,1.08e-31,66.437
5.61e-05,0.55253,0.053141,6.89e-18,11127,4.06e-10,2.97e-31,68.869
3.77e-05,0.63477,0.052101,2.66e-18,14592,2.25e-10,3.67e-31,53.073
5.17e-05,0.69599,0.029989,3.79e-18,6447,1.98e-09,1.73e-31,67.497
3.54e-05,0.65939,0.018744,1.41e-17,63366,2.21e-08,8.26e-31,59.715
5.91e-05,0.51814,0.052186,7.47e-18,3629.8,7.89e-09,1.31e-30,67.012
2.06e-05,0.80219,0.034211,1.71e-17,1.3346e+05,1.6e-09,6.93e-31,31.216
4.6e-05,0.78949,0.059299,8.92e-19,37134,2.29e-10,2.35e-31,53.888
5.74e-05,0.57554,0.05762,1.46e-18,1.2512e+05,1e-09,2.24e-31,65.932
4.78e-05,0.85172,0.044808,2.5e-18,32225,9.72e-11,1.73e-31,56.156
3.11e-05,0.67813,0.020497,1.4e-18,24636,1.21e-08,6.63e-32,52.203
4.89e-05,0.78668,0.043357,1.29e-17,6305.2,7.31e-10,3.43e-31,58.248
5.85e-05,0.50426,0.018291,6.93e-18,27691,5.38e-10,7.49e-32,86.412
4.35e-05,0.7496,0.060393,1.67e-18,13823,5.6e-10,1.26e-30,52.042
2.63e-05,0.70616,0.016771,5.8e-18,49747,6.32e-09,5.01e-31,44.958
5e-05,0.88137,0.02032,3.61e-18,10494,9.53e-11,2.43e-30,62.702
2.49e-05,0.86348,0.039644,3.43e-18,9299.7,1.89e-09,1.85e-31,33.849
2.61e-05,0.77831,0.028674,2.69e-18,22685,8.11e-10,6.9e-32,37.757
2.94e-05,0.7694,0.054909,1.78e-17,34496,1.05e-08,6.8e-32,39.664
3.35e-05,0.72279,0.028516,2.15e-18,63043,3.03e-08,1.81e-31,52.711
4.63e-05,0.76484,0.02973,1.99e-17,54244,3.69e-10,6.95e-32,60.509
3.01e-05,0.55959,0.044133,1.07e-18,1.1721e+05,1.04e-10,7.29e-32,49.381
2.64e-05,0.89234,0.025391,5.35e-18,23050,1.46e-09,5.96e-32,35.523
5.39e-05,0.55604,0.041031,9.78e-19,97241,1.7e-08,5.61e-32,68.253
3.33e-05,0.8676,0.022285,1.16e-18,4575.3,5.45e-10,1.47e-31,44.059
5.48e-05,0.59261,0.058509,1.66e-17,1.262e+05,1.66e-09,5.95e-32,61.428
4.62e-05,0.50075,0.0542,2.41e-18,13003,1.97e-09,6.2e-31,61.376
5.2e-05,0.59224,0.057187,2.8e-19,81903,2.5e-09,9.92e-32,61.603
3.9e-05,0.67436,0.022014,8.14e-18,4004.3,5.04e-09,6.68e-32,59.379
2.58e-05,0.87109,0.056905,5.48e-18,1.5974e+05,3.5e-10,1.03e-31,32.24
4.58e-05,0.86988,0.015694,6.76e-18,13522,3.28e-08,9.18e-32,64.801
4.76e-05,0.90072,0.041021,1.03e-17,1.2904e+05,2.36e-10,8.02e-32,54.239
5.17e-05,0.61738,0.045073,5.85e-19,9907.4,5.37e-10,6.89e-32,66.363
4.97e-05,0.85336,0.02928,3.21e-18,2.3291e+05,2.61e-09,1.21e-31,60.616
3.13e-05,0.56857,0.020803,1.01e-17,4184.3,2.8e-09,5.43e-32,54.498
4.66e-05,0.77382,0.057753,6.34e-18,9473.4,8.79e-10,1.04e-31,52.639
5.94e-05,0.8574,0.022244,1.96e-18,4265.5,5.93e-09,1.28e-30,71.82
5.65e-05,0.81255,0.015182,4.2e-18,92072,2.21e-09,1.33e-31,72.715
5.34e-05,0.76749,0.056431,3.19e-18,38308,7.6e-11,3.36e-31,61.876
2.67e-05,0.86513,0.058909,4.59e-19,4774.9,7.78e-10,8.31e-32,33.428
4.68e-05,0.68032,0.020246,1.75e-17,1.6172e+05,3.38e-09,9.86e-32,67.38
2.13e-05,0.60517,0.064996,9.46e-18,30606,7.16e-10,8.83e-31,34.034
2.2e-05,0.53617,0.052465,7.09e-18,5153.8,4.78e-09,6.17e-32,38.422
2.07e-05,0.51653,0.028239,1.16e-17,23466,2.38e-08,8.38e-31,43.214
5.55e-05,0.68914,0.031393,1.01e-17,24556,2.48e-10,1.76e-31,71.841
4.29e-05,0.59395,0.046686,2.81e-19,1.3505e+05,6.78e-10,6.26e-32,61.511
4.14e-05,0.69024,0.020764,2.2e-18,1.0717e+05,1.76e-09,3.88e-30,67.279
5.98e-05,0.54678,0.048608,1.99e-18,2.3816e+05,3.83e-08,5.73e-32,67.365
4.15e-05,0.79972,0.043616,1.63e-17,12307,1.18e-10,3.6e-31,52.067
2.7e-05,0.6967,0.044208,8.53e-18,8109.2,2.01e-08,3.63e-30,42.216
3.56e-05,0.64469,0.054369,4.97e-18,17999,1.16e-09,6.34e-32,48.573
5.75e-05,0.67737,0.060419,2.83e-18,4076.7,7.64e-09,1.48e-30,58.842
4.22e-05,0.88004,0.046231,2.89e-18,56217,3.32e-10,1.83e-31,49.235
2.51e-05,0.74724,0.041578,3.04e-19,15356,5.45e-08,1.17e-31,41.576
4.94e-05,0.83368,0.063409,1.08e-17,19622,3.19e-09,1.01e-31,50.176
2.58e-05,0.66494,0.037319,4.65e-18,68179,3.34e-08,6.91e-31,43.647
4.06e-05,0.51686,0.05205,4.51e-18,69895,1.81e-10,6.8e-32,60.514
4.99e-05,0.84157,0.06114,5.99e-19,1.6448e+05,6.07e-10,4.18e-31,54.887
5.23e-05,0.57776,0.021281,3.33e-18,80785,7.33e-09,9.7e-31,77.149
2.21e-05,0.55333,0.044255,1.33e-17,11510,5.07e-08,3.19e-30,41.545
4.4e-05,0.87604,0.020291,6.47e-19,2.9878e+05,6.75e-10,6.67e-31,59.019
5.28e-05,0.67719,0.021807,3.25e-18,3280.1,6.97e-11,8.46e-32,73.495
3.01e-05,0.82341,0.053394,5.99e-18,50286,2.25e-10,3.48e-31,37.899
3.01e-05,0.66238,0.038737,7.48e-18,1.5067e+05,8.67e-09,9.76e-32,46.641
4.79e-05,0.66201,0.053879,6.43e-19,29062,1.64e-08,8.3e-31,58.164
5.82e-05,0.82165,0.044589,5.45e-19,3204.9,8.76e-10,1.48e-31,63.645
5.24e-05,0.59162,0.022393,1.65e-17,38391,2.07e-09,7.2e-32,74.693
3.59e-05,0.88484,0.029536,3.47e-18,92207,1.04e-09,1.12e-31,45.707
3.08e-05,0.87269,0.061297,6.76e-19,2.3139e+05,7.01e-10,2.66e-31,37.643
4.13e-05,0.8253,0.061987,1.11e-17,4939.2,3.12e-10,1.88e-30,47.493
3.48e-05,0.86621,0.04736,3.38e-18,24831,7.18e-09,1.16e-30,43.587
2.07e-05,0.90698,0.02299,7.59e-18,30694,8.75e-09,2.35e-30,31.861
3.5e-05,0.75931,0.056237,7.63e-19,17298,1.39e-08,5.21e-32,44.45
2.7e-05,0.537,0.049555,6.16e-18,15501,7.96e-10,1.79e-31,44.817
3.8e-05,0.89405,0.03906,2.7e-18,1.244e+05,2.65e-09,1.25e-30,47.083
3.69e-05,0.62618,0.051664,1.86e-17,4796.8,6.01e-09,2.8e-31,50.381
2.25e-05,0.82582,0.033984,3.55e-19,3241.8,1.99e-08,1.3e-31,35.551
5.04e-05,0.64903,0.063867,3.29e-19,2.128e+05,2.97e-10,5.91e-32,60.163
2.22e-05,0.5282,0.060545,1.08e-17,1.6227e+05,4.3e-09,1.27e-31,37.737
5.88e-05,0.51456,0.055802,1.34e-17,2.6214e+05,6.44e-10,1.21e-31,68.919
2.28e-05,0.60043,0.040819,9.2e-18,55043,4.9e-09,2.63e-31,39.417
5.37e-05,0.59477,0.019243,5.77e-18,2.8207e+05,1.45e-10,1.51e-30,80.895
3.39e-05,0.86062,0.036199,8.58e-18,7786.3,1.44e-09,2.95e-30,43.915
4.6e-05,0.6152,0.034752,2.5e-18,89390,4.04e-08,2.06e-31,65.082
3.6e-05,0.85623,0.024725,1.05e-17,59342,8.36e-11,1.19e-31,46.2
5.58e-05,0.50604,0.058384,5.56e-18,25414,5.35e-09,4.03e-30,63.615
3.16e-05,0.53597,0.019647,5.95e-18,2.0088e+05,5.05e-10,2.49e-30,57.407
3.76e-05,0.84871,0.039784,1.36e-17,2.3488e+05,2.2e-08,2.31e-30,49.463
3.78e-05,0.67921,0.062291,2.73e-18,8631.3,1.66e-10,1e-30,49.803
3.98e-05,0.83957,0.018872,3.07e-18,3896.7,1.97e-08,1.69e-30,58.152
2.47e-05,0.53661,0.058082,1.2e-17,36881,9.87e-09,2.86e-30,41.011
4.44e-05,0.57835,0.030276,1.13e-18,10177,6.1e-11,5.67e-32,68.066
4.11e-05,0.53981,0.05998,1.72e-18,15222,6.63e-10,1.63e-31,56.137
2.64e-05,0.66642,0.062488,1.88e-17,9197.9,6.47e-09,7.42e-31,38.24
5.96e-05,0.80716,0.022561,8.45e-19,63785,9.79e-10,1.35e-31,73.437
3.94e-05,0.65829,0.029908,2.01e-19,36027,1.85e-08,1.31e-31,62.53
3.99e-05,0.54699,0.062573,1.44e-17,6522,4.54e-08,5.6e-31,51.178
2.79e-05,0.66828,0.052688,6.18e-18,4614.1,4.29e-10,1.17e-30,40.824
2.43e-05,0.51774,0.053299,7.36e-18,1.0761e+05,2.19e-09,1.89e-30,41.847
5.92e-05,0.79,0.025273,3.27e-18,38617,2.29e-10,8.51e-32,72.72
2.87e-05,0.60995,0.033028,1.57e-18,74333,3.35e-09,7.7e-31,48.181
5.95e-05,0.74081,0.05423,2.53e-18,10776,2.44e-09,6.73e-31,61.897
5.69e-05,0.67345,0.032265,1.34e-18,5746,1.85e-09,1.39e-30,72.397
3.95e-05,0.59419,0.060463,9.52e-19,10701,3.95e-10,1.08e-31,53.663
3.22e-05,0.55655,0.050277,9.81e-18,2.1867e+05,9.04e-10,3.22e-31,49.802
2.86e-05,0.67068,0.048658,7.34e-18,2.6581e+05,6.39e-09,1.02e-31,42.54
5.59e-05,0.76324,0.064619,3.74e-18,41817,3.22e-09,1.37e-30,55.492
4.89e-05,0.54535,0.042595,1.41e-18,95935,8.83e-10,5.67e-31,68.563
3.39e-05,0.7511,0.042445,5.18e-18,3139.8,8.68e-09,1.62e-31,46.922
4.47e-05,0.64952,0.059019,4.28e-18,4161.9,4.51e-09,2.61e-30,53.62
2.95e-05,0.85243,0.042032,6.21e-18,5386.4,9.81e-11,1.48e-31,36.732
2.76e-05,0.90224,0.063532,1.32e-17,75630,1.89e-08,2.97e-30,34.889
4.8e-05,0.64925,0.038482,1.61e-17,3571,1.02e-09,1.25e-31,62.852
5.83e-05,0.79371,0.041688,5.59e-18,6797,6.28e-11,1.42e-30,68.623
3.78e-05,0.71661,0.051222,4.21e-19,42302,2.5e-09,1.57e-31,49.708
4.43e-05,0.75255,0.06282,1.63e-17,3825.7,2.95e-08,1.42e-31,48.677
4.98e-05,0.57357,0.061654,1.85e-17,1.6824e+05,2.77e-09,8.04e-31,57.982
2.33e-05,0.5393,0.03799,8.92e-18,52585,2.02e-09,3.47e-31,42.228
3.16e-05,0.73389,0.019743,2.77e-18,66543,1.96e-10,1e-31,46.991
5.51e-05,0.69192,0.03126,4.26e-18,30390,6.26e-09,1.72e-30,70.146
5.84e-05,0.69226,0.051922,4.37e-18,51012,9.08e-09,6.49e-32,61.734
2.31e-05,0.84111,0.059346,7.3e-18,88184,1.12e-08,3.2e-31,32.396
5.7e-05,0.80826,0.030398,3.13e-18,2.4567e+05,6.73e-11,2.52e-30,71.901
5.67e-05,0.86363,0.044668,2.53e-18,7939.8,9.53e-10,1.56e-30,61.446
3.43e-05,0.53753,0.037941,1.84e-17,1.4141e+05,3.95e-09,1.1e-31,54.99
2.95e-05,0.67695,0.037269,1.59e-18,8799.6,1.14e-08,3.05e-31,46.354
3.06e-05,0.88122,0.041637,5.42e-18,94930,1.11e-10,4.19e-31,37.538
3.71e-05,0.78598,0.019133,1.54e-18,14807,7.49e-09,2.1e-30,55.612
4.34e-05,0.69834,0.017208,5.89e-19,1.4099e+05,5.7e-09,2.54e-31,66.483
4.88e-05,0.59599,0.063163,2.52e-18,7884.4,7.14e-10,8.52e-31,58.833
5.29e-05,0.64397,0.047383,9.61e-18,66624,1.17e-09,2.38e-31,64.018
3.22e-05,0.54496,0.060197,1.04e-17,1.8948e+05,1.57e-09,1.05e-31,47.379
5.9e-05,0.8058,0.034242,1.44e-17,84556,5.49e-08,1.49e-31,68.295
3.64e-05,0.54462,0.036653,7.82e-19,1.9523e+05,6.99e-10,7.4e-32,58.503
4.41e-05,0.79253,0.041794,9.64e-18,19744,2.62e-10,1.2e-30,55.425
3.7e-05,0.64085,0.024336,1.07e-17,1.7414e+05,9.44e-10,2.92e-31,57.574
2.87e-05,0.87894,0.028548,9.85e-18,2.2648e+05,2.14e-08,4.85e-30,42.559
2.78e-05,0.8173,0.044884,3.26e-18,1.6563e+05,2.27e-08,9.91e-31,40.037
4.23e-05,0.82434,0.056218,4.58e-18,7302.7,1.6e-08,1.57e-31,48.151
4.48e-05,0.77187,0.029049,4.42e-18,6984.9,2.29e-09,1.9e-30,59.647
5.36e-05,0.72614,0.038555,3.49e-18,28342,1.42e-09,5.92e-32,64.501
5.82e-05,0.82793,0.022041,1.51e-17,4994.3,6.78e-11,7.15e-32,70.569
5.31e-05,0.87024,0.016235,4.98e-18,15025,4.08e-09,4.73e-30,68.562
4.12e-05,0.90638,0.048802,9.93e-19,85502,7.37e-11,5.15e-32,46.888
3.16e-05,0.58473,0.0187,7.66e-18,2.8115e+05,1.2e-10,1.16e-31,54.322
5.53e-05,0.54252,0.063039,2.26e-18,65492,2.06e-10,6.34e-31,67.93
2.08e-05,0.66782,0.058746,3.86e-19,8803.7,2.43e-08,9.09e-32,34.326
4.53e-05,0.74779,0.064657,3.06e-19,24254,1.75e-08,1.41e-31,49.512
4.98e-05,0.81211,0.040163,4.47e-19,5104.7,9.68e-10,3.42e-31,59.9
4.06e-05,0.72461,0.06084,5.93e-18,23498,2.41e-09,1.57e-30,48.729
2.79e-05,0.53778,0.039913,7.13e-18,9791.6,6.32e-11,5.24e-32,47.539
4.21e-05,0.60236,0.016982,1.04e-17,70789,1.53e-08,7.37e-31,69.432
3.28e-05,0.62904,0.064189,4.06e-18,3154,4.1e-08,6.74e-32,44.001
4.91e-05,0.62775,0.050686,2.07e-19,22843,5.34e-09,6.1e-32,60.039
4.78e-05,0.90147,0.04696,1.81e-17,89851,1.49e-08,1.47e-30,53.173
4.55e-05,0.78009,0.055916,1.87e-17,7447,1.1e-10,4.35e-31,54.257
5.25e-05,0.81023,0.031453,1.27e-18,4925.1,2.02e-08,1.87e-31,64.95
4.54e-05,0.73046,0.027447,1.06e-18,10395,9.96e-09,2.55e-30,65.921
4.09e-05,0.67313,0.062547,7.78e-18,1.4475e+05,7.19e-10,3.71e-30,51.484
2.96e-05,0.5952,0.019596,1.68e-18,36190,5.33e-10,8.25e-32,50.984
2.46e-05,0.88097,0.015011,1.38e-17,18483,8.88e-11,4.45e-30,32.621
4.74e-05,0.65519,0.033185,3.14e-18,4485,2.76e-10,3.37e-31,65.991
4.47e-05,0.81839,0.03581,2.85e-18,99495,1.27e-08,3.61e-30,57.409
4.27e-05,0.55027,0.064476,1.52e-17,56916,2.1e-09,9.11e-31,53.978
4.76e-05,0.58719,0.017879,1.31e-18,50378,3.38e-09,6.33e-31,74.537
2.63e-05,0.77133,0.034049,1.8e-17,73829,4.53e-10,4.56e-31,37.457
5.05e-05,0.60804,0.021181,3.67e-18,16600,3.86e-10,3.04e-31,74.637
5.85e-05,0.84049,0.035556,1.25e-18,34149,3.63e-10,1.07e-30,68.71
4.16e-05,0.53516,0.017255,2.95e-18,59585,5.81e-08,2.76e-30,73.489
2.96e-05,0.66216,0.018588,1.99e-17,28493,7.73e-11,6.35e-32,46.731
5.3e-05,0.60209,0.017352,7.85e-19,2.9067e+05,2.33e-10,7.38e-32,79.666
5.99e-05,0.76979,0.026957,6.4e-18,3271.1,2.92e-10,6.39e-32,72.599
2.3e-05,0.70214,0.016058,1.15e-17,12551,1.46e-08,1.09e-31,41.713
5.67e-05,0.79767,0.042332,2.34e-18,2.0589e+05,3.07e-09,8.67e-31,63.891
3.69e-05,0.70439,0.026341,2.73e-18,15438,1.33e-10,1.98e-31,54.198
2.02e-05,0.85226,0.057469,4.99e-19,30029,1.68e-08,2.08e-31,30.578
4.42e-05,0.71728,0.047529,8.41e-18,2.3032e+05,4.64e-10,1.71e-31,56.102
4.68e-05,0.69705,0.050018,8.11e-18,25023,4.76e-09,3.98e-31,56.41
5.72e-05,0.63438,0.027352,1e-18,1.4331e+05,1.45e-09,2.59e-31,76.732
5.18e-05,0.58801,0.047226,1.38e-18,3317.2,3.42e-08,5.8e-31,63.67
3.7e-05,0.8038,0.019879,1.34e-17,23776,2.91e-10,2.62e-30,51.613
5.93e-05,0.51262,0.04653,1.98e-17,48997,1.25e-08,2.92e-30,70.071
3.78e-05,0.79886,0.015941,8.15e-18,17201,9.11e-09,2.09e-31,56.614
4.62e-05,0.80564,0.018449,6.74e-18,58913,1.1e-08,1.59e-30,64.887
5.44e-05,0.74468,0.056911,1.01e-18,3091.8,1.06e-08,1.79e-30,57.42
3.04e-05,0.63557,0.035626,3.47e-19,86449,1.35e-08,1.15e-31,49.479
5.19e-05,0.51558,0.029201,3.9e-18,26436,9.62e-11,2.01e-31,78.842
3.92e-05,0.898,0.053816,9.93e-18,64745,2.94e-10,2.3e-30,44.865
4.6e-05,0.72674,0.057219,6.01e-18,88489,8.4e-11,1.16e-30,57.159
3.64e-05,0.84191,0.057362,1.18e-18,87979,1.6e-08,8.47e-32,43.467
4.45e-05,0.89175,0.021717,2.04e-18,6777.7,2.17e-08,5.85e-32,59.866
2.29e-05,0.71143,0.058231,1.17e-17,20195,1.93e-10,2.62e-30,33.062
4.94e-05,0.65256,0.04081,1.65e-17,4029.5,5.1e-10,2.46e-30,65.109
2.71e-05,0.63959,0.051397,7.8e-18,28011,7.37e-09,1.84e-31,41.529
3.84e-05,0.85572,0.045363,5.38e-18,35944,1.12e-09,3.39e-30,46.881
4.59e-05,0.64846,0.049406,8.21e-19,31687,1.51e-09,1.2e-31,58.567
3.36e-05,0.85316,0.048514,2.91e-18,2.9948e+05,1.28e-08,7.65e-31,43.136
2.6e-05,0.85152,0.057388,1.61e-18,21439,7.35e-10,6.23e-32,33.127
2.12e-05,0.72548,0.03948,1.78e-18,31193,1.36e-08,1.28e-31,35.104
2.41e-05,0.65294,0.026296,4.71e-18,3478.8,7.62e-10,2.13e-31,39.824
2.32e-05,0.83762,0.057437,8.81e-18,25293,2.5e-08,1.75e-31,33.233
5.42e-05,0.84389,0.062622,7.22e-18,3800.7,5.41e-08,2.9e-30,52.677
3.25e-05,0.61188,0.055561,3.07e-19,4545.8,6.82e-09,1.09e-31,47.935
5.63e-05,0.53688,0.023831,5.28e-19,66262,4.37e-08,1.58e-31,81.457
5.03e-05,0.77864,0.058493,7.02e-19,44041,1.56e-08,1.6e-31,53.441
4.2e-05,0.80337,0.044625,4.95e-18,45480,4.4e-09,2.05e-30,51.895
3.59e-05,0.761,0.059897,1.65e-17,23392,1.29e-10,1.32e-31,44.983
2.78e-05,0.83388,0.058765,2.56e-18,18718,3.11e-08,1.19e-30,37.276
2.65e-05,0.87153,0.050702,5.04e-19,73064,1.1e-09,5.52e-32,34.089
2.84e-05,0.7224,0.061399,6.86e-18,1.1659e+05,6.85e-09,3.09e-31,38.872
3.44e-05,0.52363,0.036407,5.21e-19,98332,2.24e-10,5.38e-32,59.029
4.51e-05,0.87352,0.057899,4.69e-18,11777,1.71e-10,8.93e-32,49.828
3.61e-05,0.63075,0.056568,1.15e-17,15270,1.19e-09,3.74e-30,49.523
5.71e-05,0.88818,0.058857,4.72e-18,10442,6.21e-10,8.01e-31,56.943
2.62e-05,0.84841,0.060742,3.77e-19,27828,3.57e-08,1.08e-31,35.751
5.34e-05,0.89941,0.064421,1.91e-17,91161,9.09e-11,4.87e-30,55.344
2.53e-05,0.67106,0.04682,2.67e-18,53012,3.14e-10,1.36e-31,38.062
3.48e-05,0.72359,0.041188,9.83e-18,5517.5,9.86e-11,7.37e-32,47.645
4.2e-05,0.57016,0.042275,1.66e-18,45122,4.06e-08,1.11e-31,59.881
5.5e-05,0.7658,0.025052,3.81e-18,2.9672e+05,6.01e-09,1.17e-30,70.608
5.25e-05,0.82022,0.033579,9.07e-19,5457.8,1.89e-10,2.83e-31,64.315
4.9e-05,0.56347,0.056121,1.35e-18,15565,5.06e-08,1.61e-31,58.425
5.85e-05,0.84355,0.021037,3.57e-19,7594.6,5.74e-10,2.38e-31,72.328
4.75e-05,0.59814,0.021426,1.88e-17,60245,1.07e-09,3.2e-30,71.984
3.13e-05,0.57505,0.034095,1.67e-17,40610,1.29e-08,4.48e-31,52.558
3.15e-05,0.75793,0.056082,7.06e-18,15086,4.56e-10,1.74e-30,41.277
2.8e-05,0.81805,0.049016,1.42e-17,3348.1,1.2e-08,2.92e-30,38.767
3.91e-05,0.79748,0.021893,1.2e-18,17447,5.95e-09,2.5e-31,55.917
4.03e-05,0.62392,0.026469,2.11e-18,16382,4.12e-08,6.47e-32,63.577
5.46e-05,0.82393,0.022652,1.81e-17,80688,1.58e-10,9.05e-32,68.053
2.65e-05,0.69631,0.058266,7.27e-18,4856.2,1.06e-09,8.64e-32,37.314
5.06e-05,0.53085,0.030082,1.23e-18,5060.7,1.78e-10,2.69e-31,76.255
2.14e-05,0.50458,0.020393,1.13e-17,2.4075e+05,1.07e-10,2.74e-31,42.116
5.13e-05,0.78266,0.054006,1.3e-18,80373,1.04e-09,7.21e-31,58.177
4.97e-05,0.69118,0.050283,8.19e-18,10717,3.87e-08,4.38e-31,58.366
2.98e-05,0.52105,0.059063,1.86e-18,2.8035e+05,4.65e-09,5.47e-32,45.727
5.46e-05,0.60311,0.046073,1.33e-17,5851.2,1.08e-09,1.01e-31,66.329
5.85e-05,0.87723,0.060281,7.52e-19,1.7518e+05,1.92e-09,2.31e-31,57.165
4.39e-05,0.78982,0.036306,8.72e-18,99124,2.76e-08,8.28e-31,57.552
2.1e-05,0.72104,0.046189,9.54e-18,25888,2.6e-08,4.21e-31,34.784
3.4e-05,0.70346,0.026506,1.69e-17,1.1446e+05,1.66e-08,2.26e-31,53.474
3.35e-05,0.70321,0.033836,1.95e-18,58447,4.73e-08,1.07e-31,52.091
3.28e-05,0.74682,0.019335,1.69e-17,6589.7,2.51e-09,2.66e-31,49.884
2.86e-05,0.64173,0.034281,1.01e-17,1.6807e+05,2.38e-09,1.24e-30,45.967
2.71e-05,0.65115,0.061561,4.31e-19,12684,7.75e-10,8.35e-32,43.029
5.62e-05,0.60571,0.019044,3.46e-18,8984.4,2.89e-08,6.3e-32,80.458
3.63e-05,0.79085,0.054777,2.92e-18,1.3696e+05,9.73e-09,2.26e-30,45.524
3.81e-05,0.81465,0.0372,1.23e-17,2.4185e+05,3.94e-08,1.55e-30,52.196
3.37e-05,0.64246,0.050431,9.41e-18,86028,3.25e-10,1.14e-31,48.434
2.47e-05,0.82029,0.02294,5.08e-18,72208,1.36e-10,6.61e-32,33.709
3.82e-05,0.7467,0.062863,4.2e-18,67190,2.38e-08,1.43e-30,45.72
3.07e-05,0.68874,0.061753,4.05e-19,1.4758e+05,2.85e-09,1.01e-31,42.093
4.65e-05,0.70367,0.06031,1.36e-18,3036.5,4.24e-09,2.47e-31,52.752
5.44e-05,0.70875,0.040083,4.01e-18,22771,1.43e-08,2.15e-30,65.227
2.93e-05,0.73673,0.040537,8.46e-18,5032.2,1.38e-08,1.96e-30,43.941
4.75e-05,0.86557,0.038034,1.58e-17,20445,7.39e-11,3.29e-31,56.491
5.75e-05,0.74216,0.044777,5.76e-18,81145,1.41e-08,3.93e-31,63.629
4.03e-05,0.90057,0.035681,6.37e-19,77608,6.93e-09,1.53e-30,53.4
2.88e-05,0.51236,0.033129,8.66e-18,12006,3.75e-10,1.75e-30,51.582
3.89e-05,0.75671,0.018624,5.88e-19,4019.9,1.21e-10,9.67e-32,55.527
3.12e-05,0.76302,0.017405,5.13e-18,29148,2.71e-10,8.84e-32,45.6
4.97e-05,0.66343,0.030446,2.51e-19,3749.6,2.28e-08,6.54e-32,67.965
5.33e-05,0.89998,0.034978,4.8e-18,26139,2.05e-08,4.27e-31,61.617
5.76e-05,0.83486,0.063312,8.88e-18,1.2217e+05,2.49e-09,6.56e-31,55.19
5.45e-05,0.798,0.017177,2.42e-18,7902.7,3.32e-08,5.13e-32,73.942
5.43e-05,0.52326,0.038405,5.88e-18,12415,4.21e-09,7.97e-31,71.654
2.91e-05,0.69359,0.038375,1.1e-18,7631.2,4.92e-08,7.87e-31,47.028
3.57e-05,0.66145,0.027887,6.79e-18,15183,4.03e-08,3.21e-31,57.496
3.5e-05,0.86788,0.038021,2.41e-18,1.5828e+05,5.66e-08,2.11e-31,48.255
2.31e-05,0.61693,0.050981,1.03e-17,35191,5.48e-08,1.29e-30,39.689
4.71e-05,0.58755,0.016711,2.74e-18,16966,4.96e-10,6.46e-31,74.023
4.55e-05,0.60979,0.051775,9.76e-18,2.9266e+05,1.52e-08,1.02e-31,56.814
4.88e-05,0.78218,0.041767,6.76e-18,11743,4.56e-09,2.71e-31,58.14
5.76e-05,0.76844,0.034877,3.31e-18,2.2701e+05,2.65e-08,7.26e-32,67.666
2.25e-05,0.63644,0.051651,1.75e-18,9031.4,5.64e-08,4.96e-31,38.497
4.31e-05,0.73609,0.058675,3.01e-18,74653,1e-08,3.15e-30,50.585
4.67e-05,0.63787,0.042475,6.78e-19,4091.2,2.55e-09,1.42e-31,61.154
5.51e-05,0.83271,0.045616,7.67e-19,78719,2.82e-10,7.46e-31,66.316
2.55e-05,0.87863,0.034018,1.55e-18,20924,3.69e-09,7.61e-31,35.499
5.34e-05,0.63196,0.027623,1.05e-18,13697,4.67e-09,1.78e-30,75.576
5.88e-05,0.55473,0.017927,6.22e-18,2.1768e+05,3.49e-09,2.04e-31,83.931
4.58e-05,0.78497,0.015055,3.94e-18,76231,1.11e-08,1.77e-31,66.094
3.52e-05,0.72218,0.022065,4.44e-18,35027,1.37e-08,2.26e-30,55.615
5.89e-05,0.61323,0.063958,1.16e-17,97031,1.17e-08,2.44e-31,58.5
3.49e-05,0.55099,0.035403,8.17e-19,27111,2e-08,1.08e-31,56.757
3.9e-05,0.66945,0.036988,2.89e-18,32639,5.58e-09,9.35e-32,55.352
5.9e-05,0.89713,0.06361,1.11e-17,3221.6,1.21e-08,1e-30,53.288
3.81e-05,0.63239,0.039157,3.63e-18,3205.4,6.85e-11,1.27e-31,56.264
5.08e-05,0.59555,0.031018,5.24e-18,4881.6,3.64e-08,1.9e-31,70.665
2.26e-05,0.68083,0.033956,4.47e-18,13074,3.31e-09,4.01e-31,37.254
5.8e-05,0.51391,0.040451,1.27e-17,71237,5.41e-10,5.03e-31,76.095
4.12e-05,0.51671,0.042115,2.7e-18,4679.1,3.23e-10,8.03e-31,63.287
5.24e-05,0.579,0.016943,8.55e-19,48114,2.22e-10,1.88e-31,80.73
4.74e-05,0.63408,0.026544,3.52e-18,1.4033e+05,3.71e-10,7.49e-31,69.436
4.65e-05,0.59065,0.045946,5.05e-19,11391,4.33e-08,3.91e-31,61.346
5.5e-05,0.82133,0.029079,1.75e-17,40948,1.91e-08,7.17e-32,66.832
5.02e-05,0.72434,0.024585,4e-19,31632,3.33e-09,6.13e-32,67.713
3.43e-05,0.57666,0.024785,1.02e-17,2.2318e+05,1.58e-10,4.73e-31,57.615
5.84e-05,0.89276,0.045877,6.44e-19,3502.1,1.95e-08,5.24e-31,60.429
4.08e-05,0.66439,0.064964,1.37e-18,3428.8,3.48e-10,5.17e-31,51.495
5.13e-05,0.73267,0.039726,7.61e-19,9817.1,3.93e-09,1.37e-30,64.751
3.73e-05,0.86086,0.054711,5.69e-18,20271,1.19e-08,5.65e-32,44.057
4.46e-05,0.90186,0.060345,1.05e-17,40334,2.87e-09,2.18e-30,47.008
3.96e-05,0.87454,0.040994,5.02e-18,2.518e+05,1.83e-10,8.76e-32,47.56
4.33e-05,0.84634,0.031351,1.02e-17,13142,3.56e-09,2.37e-31,54.873
5.68e-05,0.89448,0.052133,2.67e-19,12798,3.68e-09,7.14e-31,64.148
4.66e-05,0.62551,0.048307,5.2e-18,61964,5.42e-09,1.07e-31,58.644
5.11e-05,0.5744,0.025967,2.07e-18,29442,1.69e-09,9.3e-31,74.421
3.19e-05,0.54335,0.034621,6.82e-18,12125,2.34e-09,6.18e-31,53.554
3.95e-05,0.53008,0.051524,1.95e-18,1.3321e+05,5.99e-08,2.06e-31,55.667
3.96e-05,0.65626,0.062166,7.1e-19,3873.5,3.39e-08,5.57e-32,48.52
4.84e-05,0.55766,0.047152,9.24e-18,1.284e+05,7.42e-10,1.56e-30,65.201
5.51e-05,0.81698,0.028053,5.64e-18,1.2232e+05,4.87e-08,3.26e-31,69.179
3.25e-05,0.64061,0.026395,1.38e-17,9083.2,6.16e-10,1.96e-30,52.078
2.77e-05,0.8542,0.064384,1.69e-18,21006,3.82e-10,1.47e-31,33.832
4.95e-05,0.77696,0.017616,1.62e-17,24924,4.68e-08,1.44e-30,71.339
3.86e-05,0.72073,0.037286,2.31e-18,1.0215e+05,1.58e-08,2.79e-31,54.176
5.66e-05,0.67878,0.042408,5.09e-19,30314,2.25e-09,6.32e-32,66.793
4.92e-05,0.65686,0.051741,1.09e-17,10064,2.16e-08,1.29e-31,57.819
3.23e-05,0.65139,0.015283,1.88e-18,1.8227e+05,5.14e-09,7.75e-31,55.563
5.05e-05,0.72754,0.037628,1.49e-18,17361,7.54e-09,3.97e-31,62.963
3.87e-05,0.77736,0.025117,4.93e-18,42247,2.08e-10,2.93e-31,53.398
4.38e-05,0.76919,0.060656,3.2e-19,8295.7,1.93e-08,5.02e-31,50.908
4.36e-05,0.52784,0.035705,7.25e-18,84072,2.07e-10,3.43e-30,75.198
4.19e-05,0.81976,0.043981,5.36e-19,8532.9,3.24e-09,6.61e-31,52.462
2.28e-05,0.88849,0.023213,4.67e-18,1.5613e+05,7.14e-09,1.39e-30,34.268
5.47e-05,0.88911,0.057715,1.7e-17,3056.1,4.31e-10,3.52e-31,55.699
3.61e-05,0.79405,0.027154,6.24e-18,26938,2.7e-09,8.21e-32,50.211
2.58e-05,0.57412,0.052658,2.09e-18,5370.1,1.57e-08,2.07e-31,42.252
4.14e-05,0.84488,0.026597,3.87e-18,5565.4,1.01e-10,4.45e-31,53.147
3.44e-05,0.7038,0.042296,6.9e-18,1.1826e+05,1.23e-08,6.71e-31,49.274
4.48e-05,0.62065,0.04292,3.82e-19,32874,2.44e-08,1.15e-31,60.22
4.59e-05,0.60612,0.043096,3.45e-18,54809,3.25e-08,2.52e-31,61.273
2.62e-05,0.63587,0.053036,8.45e-18,7149.2,2.53e-08,4.08e-30,41.324
2.99e-05,0.71617,0.019949,5.28e-18,1.6302e+05,6e-10,2.16e-31,46.117
4.34e-05,0.74021,0.039604,3.85e-18,54733,9.15e-11,4.54e-31,57.715
2.15e-05,0.52183,0.025987,7.93e-19,18628,1.8e-09,7.51e-32,41.856
4.36e-05,0.72871,0.05236,5e-19,55168,5.64e-09,4.7e-31,54.2
3.28e-05,0.76795,0.052236,1.22e-18,66899,1.05e-09,1.26e-31,42.846
2.68e-05,0.60457,0.031206,8.38e-18,28911,7.93e-09,5.09e-32,46.332
3.35e-05,0.72106,0.030852,1.62e-18,1.9025e+05,1.34e-09,1.4e-30,50.906
3.88e-05,0.78416,0.020961,3.24e-19,27588,5.47e-09,7.56e-32,56.342
5.73e-05,0.57472,0.049435,1.18e-17,5480.6,3.35e-10,5.99e-32,69.372
5.81e-05,0.55347,0.05547,1.49e-17,84429,3.17e-08,5.23e-32,62.768
5.72e-05,0.51024,0.037427,1.54e-17,21149,4.79e-08,1.85e-31,73.534
3.85e-05,0.58598,0.021911,5e-18,3395.8,2.22e-09,1.66e-30,62.919
2.05e-05,0.65345,0.031812,7.5e-18,5359.9,8.84e-09,3.54e-31,36.561
2.27e-05,0.73068,0.064184,1.67e-17,2.6801e+05,1.84e-09,1.94e-31,32.612
3.06e-05,0.69871,0.04763,3.55e-18,30797,4.04e-10,2.27e-31,43.418
4.49e-05,0.63731,0.039451,1.1e-17,39850,3.06e-08,1.2e-30,61.482
2.22e-05,0.86197,0.062952,6.42e-18,43947,3.74e-08,1.45e-31,32.269
3.49e-05,0.70674,0.020272,2.09e-19,38169,2.46e-08,6.43e-32,56.922
4.31e-05,0.8555,0.030226,1.59e-18,3003.6,4.26e-08,5.94e-31,57.974
2.09e-05,0.71018,0.016401,5.15e-18,39660,5.96e-08,2.29e-31,42.771
3.33e-05,0.54997,0.017707,9.68e-18,7757.2,7.82e-09,2.07e-30,60.687
4.58e-05,0.51189,0.038718,1.64e-18,15815,1.15e-09,1.68e-31,67.079
5.06e-05,0.61618,0.055363,3.68e-18,4133.5,2.8e-08,5.77e-32,57.981
2.25e-05,0.8958,0.027658,8.68e-19,3884.8,3.37e-08,1.46e-31,36.278
2.31e-05,0.58078,0.020052,1.47e-18,53834,6.51e-09,2.05e-31,44.378
5.43e-05,0.85727,0.048225,3.11e-18,13414,8.56e-10,5.36e-31,58.783
5.6e-05,0.63348,0.024299,4.49e-19,62679,5.82e-09,5.35e-32,75.871
5.53e-05,0.7961,0.024643,2.81e-18,5050.6,4.48e-09,8.41e-31,69.431
4.73e-05,0.86446,0.035826,4.69e-19,2.4496e+05,1.03e-08,7.07e-31,59.475
5.27e-05,0.73234,0.051114,1.26e-18,6836.9,2.35e-08,2.33e-30,59.09
3.93e-05,0.64986,0.036659,2.71e-18,9101.4,4e-10,6.19e-32,56.618
4.19e-05,0.84971,0.062985,4.76e-18,10106,4.94e-08,3.59e-31,45.916
3.97e-05,0.74171,0.063724,1.04e-17,76471,2.16e-09,2.28e-30,47.003
3.16e-05,0.766,0.035499,1.45e-17,8484.3,3.77e-09,2.59e-31,44.941
3.04e-05,0.72866,0.057748,1.94e-18,18398,7.09e-11,3.26e-31,43.797
4.75e-05,0.8248,0.032186,4.65e-19,37984,6.09e-09,1.52e-31,60.027
3.73e-05,0.71723,0.04455,7.86e-18,10538,2.05e-08,1.72e-30,51.114
2.14e-05,0.77096,0.060947,1.49e-18,7738.8,1.45e-08,2.97e-31,32.166
3.24e-05,0.69481,0.057101,3.22e-18,98114,1.95e-09,5.06e-31,43.784
2.04e-05,0.81067,0.016564,1.21e-17,41735,6.04e-10,2.03e-31,30.888
2.23e-05,0.67644,0.017429,7.61e-18,1.4963e+05,3.06e-10,6.05e-31,36.653
5.94e-05,0.57739,0.062716,1.83e-18,22585,4.02e-09,1.59e-30,62.458
5.48e-05,0.56264,0.059808,2.89e-19,1.3625e+05,3e-08,3.4e-31,68.379
4.55e-05,0.5171,0.044914,5.31e-18,29589,3.36e-09,9e-31,63.384
2.23e-05,0.79338,0.035863,2.57e-18,22009,7.79e-09,1.51e-31,34.529
4.85e-05,0.50855,0.030923,2.68e-18,29821,4.52e-10,1.77e-31,73.554
4.7e-05,0.56731,0.038257,2.88e-18,2.391e+05,4e-08,2.67e-30,66.119
4.28e-05,0.54649,0.015769,1.4e-17,10031,1.37e-09,1.44e-31,70.612
4.07e-05,0.89927,0.037731,6.64e-18,12114,5.54e-08,1.5e-31,52.214
4.2e-05,0.75181,0.060134,7.99e-19,52697,1.5e-08,4.4e-31,48.958
4.96e-05,0.71438,0.043435,3.31e-18,16258,5.9e-09,1.23e-31,59.926
2.4e-05,0.65751,0.048859,6.3e-18,13601,7.25e-10,9.5e-32,36.823
5.47e-05,0.80424,0.023739,1.37e-18,3190.3,7.85e-11,4.99e-31,69.727
2.45e-05,0.77021,0.030125,3.85e-19,1.7356e+05,2.08e-10,5.46e-32,38.699
3.93e-05,0.9033,0.041964,1.16e-17,1.4945e+05,2.73e-08,5.07e-31,48.903
5.39e-05,0.61109,0.02622,1.97e-18,8464.3,5.56e-10,1.86e-30,77.145
5.59e-05,0.75913,0.057147,4.16e-19,65236,3.67e-08,1.36e-31,57.367
2.12e-05,0.84598,0.058546,5.99e-19,46378,4.56e-08,7.9e-32,32.576
2.49e-05,0.52488,0.035565,2.98e-18,28079,8.65e-11,1.38e-31,44.745
4.9e-05,0.51873,0.045762,2.48e-18,2.1555e+05,4.73e-10,1.12e-30,69.963
4.31e-05,0.53466,0.034457,1.55e-18,2.0279e+05,8.97e-09,4.13e-31,65.359
4.96e-05,0.82824,0.049794,7.63e-18,8368.3,4.84e-10,5.36e-32,55.593
5.86e-05,0.57835,0.024434,2.1e-18,24324,5.93e-10,1.04e-30,82.359
4.95e-05,0.64691,0.049081,8.41e-18,81940,1.4e-08,8.32e-32,59.276
2.06e-05,0.55946,0.035997,2.45e-18,1.5905e+05,8.51e-09,3.02e-31,39.206
5.74e-05,0.77654,0.022418,2.36e-19,9621.4,3.75e-08,7.59e-31,81.544
3.81e-05,0.64478,0.022475,1.19e-17,2.7649e+05,1.58e-09,2.42e-30,59.694
4.52e-05,0.76439,0.027761,2.86e-18,14186,1.24e-09,5.63e-31,60.446
5.72e-05,0.89076,0.063777,1.21e-17,3595.3,2.94e-09,1.31e-30,53.435
3.39e-05,0.57064,0.051026,1.02e-17,8973.1,1.01e-09,1.5e-31,50.395
5.17e-05,0.79438,0.057004,1.18e-18,1.7688e+05,2.83e-09,1.63e-30,57.237
4.39e-05,0.89628,0.042245,7.16e-19,93023,3.67e-10,1.05e-31,51.46
3.88e-05,0.6487,0.044294,1.64e-18,2.602e+05,9.34e-11,2.2e-31,56.116
2.88e-05,0.7382,0.021001,2.05e-18,14430,3.72e-08,1.86e-30,49.538
5.45e-05,0.8334,0.022341,4.04e-18,21234,2.48e-09,1.34e-31,67.567
3.3e-05,0.61782,0.034498,1.03e-17,6045.5,1.12e-09,2.9e-31,51.548
4.89e-05,0.62748,0.04114,7.84e-18,6453.9,1.02e-08,9.81e-31,63.389
5.86e-05,0.68965,0.057557,5.34e-18,20825,9.93e-10,7.83e-32,62.18
2.19e-05,0.76332,0.023478,8.64e-18,16212,6.14e-11,8.09e-32,31.446
2.06e-05,0.73747,0.040874,3.88e-18,59040,4.85e-08,4.46e-31,36.961
4.32e-05,0.80175,0.037798,4e-18,11661,4.41e-08,4.69e-30,56.773
3.08e-05,0.78287,0.03335,7.57e-18,85209,1.07e-10,6.29e-31,42.062
5.58e-05,0.59297,0.05498,4.06e-18,6555.9,2.73e-09,5.48e-32,62.458
4.85e-05,0.87474,0.061672,7.76e-19,8747.6,1.91e-08,3.34e-31,49.288
2.1e-05,0.73166,0.038811,1.89e-18,10416,5.31e-09,2.43e-31,33.814
4.82e-05,0.62322,0.048978,1.38e-17,2.7738e+05,1.44e-08,7.04e-32,59.134
4.08e-05,0.58503,0.027383,2.97e-19,42877,7.07e-09,9.12e-32,64.185
5.63e-05,0.53867,0.023808,1.63e-18,1.0269e+05,2.86e-10,6.13e-31,84.413
3.74e-05,0.84796,0.016532,3.1e-18,2.5363e+05,3.39e-10,1.32e-30,51.231
4.38e-05,0.68997,0.040113,5.13e-19,2.3196e+05,1.22e-09,1.63e-31,59.418
5.19e-05,0.53104,0.0348,7.1e-18,96743,1.08e-08,1.41e-30,71.556
5.73e-05,0.70791,0.051958,2.71e-19,1.7068e+05,1.42e-08,3.23e-31,63.682
5.49e-05,0.71895,0.043672,1.39e-17,8039.4,1.06e-08,4.04e-31,63.085
5.74e-05,0.62578,0.032784,2.43e-19,4103.1,9.26e-09,3.11e-31,84.573
4e-05,0.69338,0.020005,6.74e-19,42802,5.57e-10,8.7e-32,60.113
4.48e-05,0.57386,0.01541,1.46e-17,2.1659e+05,1.47e-08,3.13e-30,74.203
4.87e-05,0.65886,0.049832,6.51e-18,14371,6.58e-09,1.94e-30,58.976
5.35e-05,0.77427,0.057066,1.59e-17,2.0731e+05,8.92e-10,3.17e-30,58.192
4.01e-05,0.79582,0.059435,1.5e-18,11065,2.48e-08,5.68e-31,46.701
3.06e-05,0.75997,0.017669,1.51e-17,1.425e+05,1.4e-09,3.82e-31,46.332
4.73e-05,0.84562,0.037059,3.26e-19,11244,3.66e-09,6.94e-32,56.82
2.67e-05,0.80362,0.047295,9.11e-18,4784.2,3.26e-10,1.3e-30,35.619
4.15e-05,0.80939,0.051202,2.27e-18,5419.4,5.02e-08,2.71e-30,50.508
5.15e-05,0.85948,0.0649,3.46e-19,13957,6.56e-09,7.74e-32,50.355
5.03e-05,0.89581,0.041482,9.3e-18,1.8304e+05,3.74e-09,2.1e-30,56.441
5.59e-05,0.64626,0.05957,4.87e-18,41307,1.54e-09,1.24e-30,61.247
5.64e-05,0.60162,0.063192,7.59e-19,44952,6.24e-09,8.98e-32,58.847
4.63e-05,0.60683,0.017,1.19e-18,4875.5,1.24e-10,2.82e-31,76.007
3.21e-05,0.84923,0.038686,1.27e-18,1.1029e+05,1.42e-09,7.23e-32,41.682
5.62e-05,0.74287,0.04382,8.25e-19,2.5828e+05,3.05e-09,1.25e-30,67.243
2.87e-05,0.75435,0.034144,1.29e-17,35468,1.28e-09,2.41e-30,41.741
5.02e-05,0.75565,0.045021,9.09e-18,1.094e+05,2e-09,4.82e-31,59.232
5.79e-05,0.83881,0.019101,1.73e-17,1.3013e+05,1.92e-08,2.11e-30,74.167
2.44e-05,0.86246,0.018112,2.47e-18,4952.9,3.47e-09,5.28e-31,36.164
5.29e-05,0.76863,0.03953,6.2e-19,4253.1,2.79e-08,9.4e-32,62.903
2.2e-05,0.74369,0.019518,1.11e-17,1.2581e+05,4.72e-10,2.08e-30,34.302
5.45e-05,0.77641,0.019065,1.32e-18,1.904e+05,3.85e-10,1.55e-31,71.991
5.52e-05,0.56813,0.021194,7.52e-18,7073.7,7.75e-09,9.6e-32,78.635
5.4e-05,0.83464,0.029002,1.3e-17,4128.2,1.09e-08,1.34e-30,65.964
4.71e-05,0.80983,0.046439,8.05e-18,1.2163e+05,2.75e-10,6.79e-31,56.312
4.42e-05,0.68629,0.0281,3.65e-18,2.5851e+05,1.7e-08,1.02e-30,63.87
4.85e-05,0.54158,0.0437,2.25e-18,1.1352e+05,1.77e-09,9.59e-31,66.71
5.42e-05,0.58836,0.028611,2.76e-18,5232.6,1.74e-08,2.13e-30,74.799
5.57e-05,0.57104,0.03624,4.49e-18,1.9668e+05,1.43e-08,1.26e-30,72.041
2.03e-05,0.65017,0.047569,6.18e-18,65278,6.72e-10,1.46e-30,32.966
5.84e-05,0.78662,0.034909,6.44e-18,8026,1.68e-10,7.52e-32,69.061
5.9e-05,0.53415,0.031757,7.04e-19,1.1065e+05,3.43e-09,5.13e-31,80.598
4.4e-05,0.80243,0.021237,2.12e-19,13484,5.69e-08,7.11e-32,64.319
3.67e-05,0.71935,0.016917,9.04e-19,50931,3.04e-09,5.86e-32,56.483
4.61e-05,0.52956,0.056706,8.08e-18,30222,1.5e-10,3.32e-31,63.882
2.89e-05,0.8364,0.039225,6.11e-18,2.1011e+05,1.23e-09,1.3e-30,38.683
4.72e-05,0.78848,0.053586,6.38e-18,83688,9.22e-09,2.21e-31,52.876
4.62e-05,0.61198,0.024599,2.29e-18,18870,4.97e-09,1.93e-30,68.96
4.84e-05,0.73113,0.026861,2.97e-18,1.0615e+05,3.44e-08,9.56e-31,67.229
2.24e-05,0.84945,0.052079,1.48e-17,1.7192e+05,9.97e-10,2.05e-30,30.699
3.2e-05,0.70964,0.060073,1.08e-17,73929,5.98e-09,9.35e-31,42.413
2.86e-05,0.63568,0.017726,5.07e-18,2.0779e+05,4.67e-08,1.49e-30,53.84
3.31e-05,0.79958,0.043961,1.71e-18,23131,5.96e-10,3.32e-31,43.416
2.41e-05,0.64323,0.028716,1.24e-17,3918.1,4.65e-08,2.25e-31,44.572
5.66e-05,0.72402,0.054131,6.38e-18,58154,9.09e-10,3.84e-31,62.047
3.91e-05,0.88294,0.030106,2.76e-19,30985,1.61e-08,1.26e-31,52.414
3.98e-05,0.69938,0.041223,1.79e-17,19159,3.21e-08,4.28e-31,54.942
4.47e-05,0.85593,0.047318,1.5e-18,4448.5,1.49e-08,1.96e-31,51.978
5.64e-05,0.74817,0.037712,1.54e-17,4974.6,3.61e-08,1.62e-31,66.235
3.87e-05,0.84011,0.06382,3.4e-19,1.2654e+05,1.29e-09,1.74e-31,44.823
5.97e-05,0.73473,0.039558,5.92e-18,45697,1.54e-08,9.64e-32,67.177
4.38e-05,0.80532,0.023901,1.3e-17,40832,3.36e-08,2.35e-31,61.779
5.96e-05,0.88494,0.054581,3.16e-19,2.0455e+05,2.93e-09,3.7e-31,60.354
2.18e-05,0.81533,0.036046,5.1e-18,3708,4.15e-10,1.14e-30,31.137
2.95e-05,0.68334,0.027211,3.98e-18,1.9459e+05,1.2e-08,3.44e-31,48.518
4.19e-05,0.73186,0.019293,1.17e-17,1.1383e+05,4.9e-08,4.07e-31,65.095
3.51e-05,0.70944,0.060342,3.96e-18,7018.4,1.08e-10,9.65e-31,46.199
5.86e-05,0.85286,0.02315,7.31e-18,1.3862e+05,7.73e-09,2.77e-31,70.658
3.18e-05,0.54573,0.02145,5.47e-18,98636,6.92e-09,1.24e-30,57.696
2.72e-05,0.83695,0.036072,1.99e-18,4844.8,3.84e-09,2.28e-31,38.095
4.17e-05,0.78148,0.044695,3.21e-19,20494,9.93e-09,2.29e-31,52.894
2.33e-05,0.50564,0.061937,2.45e-18,34049,4.35e-08,5.86e-31,39.908
5.49e-05,0.77966,0.048335,3.06e-18,62674,2.49e-08,3.96e-30,60.38
3.64e-05,0.62964,0.026447,1.54e-17,1.2261e+05,8.34e-10,1.99e-31,56.759
3.05e-05,0.80159,0.056979,2.46e-18,82395,8.22e-10,1.72e-31,38.719
4.83e-05,0.71563,0.023031,5.11e-19,2.0288e+05,1.3e-09,1.74e-31,67.902
3.25e-05,0.59669,0.064535,5.32e-18,17533,1.04e-10,6.61e-31,47.261
4.57e-05,0.68437,0.03006,2.06e-19,17634,3.45e-09,7.32e-32,63.559
2.88e-05,0.78032,0.025452,9.12e-19,1.7235e+05,1.81e-08,4.86e-31,46.196
3.67e-05,0.82881,0.043201,3.16e-18,1.5297e+05,1.07e-08,1.89e-31,47.386
3.62e-05,0.53491,0.063676,1.05e-17,73377,1.35e-09,3.07e-31,50.474
6e-05,0.67596,0.064154,1.1e-18,1.9951e+05,5.8e-09,9.22e-32,58.474
2.54e-05,0.70281,0.047834,8.14e-19,14062,1.31e-08,8.05e-32,39.093
4.56e-05,0.8412,0.05821,3.69e-18,83842,8.3e-11,7.8e-31,52.441
5.22e-05,0.74375,0.022886,1.71e-18,5502.9,2.04e-09,8.61e-32,68.692
5.81e-05,0.71919,0.038243,1.05e-18,1.4715e+05,2.66e-09,1.29e-30,70.791
4.09e-05,0.70855,0.032424,2.33e-19,1.7287e+05,7.68e-09,6.16e-32,58.172
3.09e-05,0.79223,0.021536,7.46e-19,57913,3.67e-08,4.58e-31,50.397
2.47e-05,0.69994,0.03752,1.27e-18,1.5841e+05,3.55e-08,5.51e-32,41.467
5.87e-05,0.52225,0.045816,1.47e-17,1.6964e+05,1.19e-10,1.2e-31,76.625
5.07e-05,0.75713,0.059118,1.01e-18,1.2119e+05,2.05e-10,4.05e-31,59.456
3.79e-05,0.83549,0.016863,3.18e-19,1.3244e+05,1.05e-08,3.82e-31,57.662
3.21e-05,0.77708,0.032665,9.81e-19,3775.7,2.29e-08,9.79e-31,48.226
5.42e-05,0.89347,0.021781,2.92e-19,5012.9,1.19e-09,5.54e-32,65.325
2.44e-05,0.75875,0.025615,3.02e-18,7210.6,1.75e-10,4.88e-31,35.432
4.37e-05,0.85701,0.024521,5.19e-19,41440,3.91e-09,1.52e-31,57.652
4.57e-05,0.52656,0.023919,1.92e-18,50597,7.37e-10,2.57e-31,72.756
5.06e-05,0.57574,0.058348,6.47e-18,42678,1.49e-09,1.12e-31,60.069
5.02e-05,0.79842,0.030626,5.54e-18,34641,3.82e-08,5.31e-31,64.726
2.36e-05,0.63756,0.037164,9.39e-18,4283.7,6.43e-09,1.24e-31,39.915
5.24e-05,0.51617,0.026727,9.34e-19,43290,1.43e-09,1.35e-31,77.388
5.55e-05,0.86472,0.039272,6.47e-18,33535,8.66e-10,4.52e-31,61.989
4.18e-05,0.85281,0.038971,4.98e-18,21979,1.08e-10,1.2e-31,51.015
3.29e-05,0.64448,0.064064,1.53e-17,36574,1.53e-08,1.38e-30,43.806
3.21e-05,0.83421,0.055996,1.83e-17,70033,8.64e-10,5.61e-31,39.574
4.83e-05,0.78518,0.021955,8.09e-19,9832.5,3.81e-08,1.68e-30,68.004
5.29e-05,0.54708,0.044316,6.69e-18,12030,3.51e-10,8.14e-32,70.07
4.35e-05,0.86039,0.055397,3.48e-18,10868,8.07e-09,4.92e-31,48.44
5.22e-05,0.7624,0.064735,2.16e-18,4056.8,1.26e-09,2.67e-31,54.509
4.44e-05,0.5809,0.032206,5.49e-19,3380.6,6.57e-10,1.13e-31,65.883
4.22e-05,0.6716,0.031103,1.74e-18,17498,7.18e-11,4.33e-31,65.514
4.04e-05,0.89974,0.017457,5.27e-18,60982,1.24e-08,4.41e-31,56.288
5.84e-05,0.83662,0.015975,6.53e-18,5765.4,7.06e-11,4.11e-30,74.17
3.68e-05,0.60411,0.041613,1.58e-18,26293,2.61e-08,9.26e-31,55.055
5.18e-05,0.82745,0.064332,2.38e-18,40015,1.47e-10,4.22e-31,56.152
5.23e-05,0.75046,0.044475,4.35e-19,1.9155e+05,8.02e-09,3.18e-31,62.298
2.8e-05,0.66972,0.055597,1.06e-17,20702,2.32e-08,6.06e-31,41.436
2.4e-05,0.84165,0.045193,4.81e-19,3922,5.26e-08,5.18e-31,42.616
3.72e-05,0.66312,0.049845,1.57e-17,2.3263e+05,7.25e-09,3.75e-31,50.325
4.03e-05,0.84251,0.017824,1.19e-18,27665,2.91e-09,4.91e-31,56
4.54e-05,0.81596,0.016652,5.41e-18,43508,3.16e-10,2.33e-30,61.875
3.41e-05,0.85092,0.057798,1.13e-17,26721,8.98e-10,8.22e-31,40.679
3.27e-05,0.78403,0.053512,1.08e-18,3676.1,2.59e-08,2.73e-31,43.191
3.44e-05,0.54756,0.037609,3.09e-18,7376.7,1.63e-10,1.33e-31,56.256
3e-05,0.82112,0.023956,2.37e-18,51878,8.84e-11,1.11e-31,40.164
5.91e-05,0.70262,0.018232,5.42e-19,8864.5,3.24e-08,7.69e-32,80.36
5.31e-05,0.67478,0.051573,7.22e-18,1.0673e+05,5.16e-08,4.02e-31,60.168
3.42e-05,0.84582,0.029951,1.33e-18,6134.8,4.52e-08,8.18e-32,49.993
5.78e-05,0.61408,0.025776,1.27e-17,9362.3,1.48e-08,4.28e-30,77.896
5.73e-05,0.61349,0.043783,1.09e-18,11860,2.01e-08,2.83e-31,67.553
2.83e-05,0.55395,0.037455,2.27e-19,3552,9.51e-09,6.66e-32,55.07
2.69e-05,0.789,0.017501,3.25e-18,16744,3.13e-10,2.56e-31,38.96
5.12e-05,0.61951,0.021866,2.84e-19,1.3926e+05,2.86e-09,6e-32,74.305
5.08e-05,0.5143,0.02549,1.37e-17,55914,1.26e-08,3.66e-31,75.846
2.94e-05,0.9058,0.056516,7.73e-18,11312,2.57e-09,1.68e-31,35.533
5.77e-05,0.72375,0.047775,5.48e-19,42476,1.33e-08,1.11e-31,63.021
3.02e-05,0.71194,0.046028,2.28e-18,13133,7.36e-09,9.4e-31,43.76
5.44e-05,0.58957,0.056398,8.97e-18,82800,4.38e-09,4e-31,61.323
3.42e-05,0.80037,0.055692,7.86e-19,1.5765e+05,4.37e-10,5.69e-32,42.79
5.32e-05,0.85494,0.054462,8.34e-18,47948,4.7e-08,2.51e-31,54.835
5.32e-05,0.90653,0.049207,2.49e-18,2.9812e+05,2.09e-08,5.75e-32,55.189
4.69e-05,0.75347,0.044235,1.72e-18,1.7488e+05,1.44e-09,3.73e-31,57.91
2.29e-05,0.88892,0.015734,1.91e-17,7961.8,4.05e-09,4.97e-31,33.999
3.19e-05,0.86685,0.028588,1.23e-17,5876.3,2.53e-08,1.02e-30,46.573
3.82e-05,0.50814,0.038611,8.99e-18,3329.7,2.88e-09,8.17e-31,60.048
2.27e-05,0.71256,0.033039,9.47e-18,21066,8.43e-09,1.18e-31,37.439
5.43e-05,0.85041,0.062783,6.57e-18,15852,1.13e-10,2.72e-31,57.314
5.78e-05,0.69048,0.031054,1.97e-18,1.2555e+05,2.15e-10,8.79e-32,74.241
5.45e-05,0.76358,0.064269,2.19e-18,13755,2.78e-08,9.85e-31,53.555
5.76e-05,0.82776,0.056747,2.54e-18,4562.6,5.38e-09,4.78e-30,57.385
3.83e-05,0.78002,0.049588,2.11e-18,5972.4,4.93e-10,2.84e-31,48.229
2.92e-05,0.54043,0.041108,1.34e-17,15300,8.08e-11,2.13e-30,49.472
2.85e-05,0.57692,0.059316,8.53e-18,2.7263e+05,2.14e-08,1.71e-30,43.312
4.88e-05,0.75741,0.031073,9.9e-18,14733,1.99e-10,1.4e-31,63.296
2.19e-05,0.6413,0.048904,7.74e-18,1.193e+05,1.59e-10,5.41e-32,34.352
3.14e-05,0.63269,0.016108,1.12e-17,1.1192e+05,7.69e-10,3.5e-31,52.789
4.88e-05,0.58,0.063491,5.8e-19,31293,3.63e-08,2.85e-31,55.146
3.51e-05,0.86862,0.019416,4.14e-19,1.9114e+05,6.12e-09,3.69e-31,50.904
2.92e-05,0.59714,0.063001,2.39e-18,72639,1.61e-09,5.71e-32,42.421
4.69e-05,0.60892,0.025853,2.24e-18,1.1844e+05,7.96e-11,1.18e-31,70.691
3.8e-05,0.70057,0.033107,1.56e-17,11544,8.18e-09,4.74e-31,54.955
3.32e-05,0.73486,0.058147,1.1e-17,21403,1.29e-08,9.18e-31,43.369
5.95e-05,0.61487,0.035346,4.44e-18,1.012e+05,5.5e-09,1.04e-31,72.625
4.34e-05,0.61708,0.029859,6.23e-19,3174.5,1.72e-10,6.58e-32,64.664
2.79e-05,0.53898,0.050074,4.09e-18,35121,3.73e-10,4.1e-31,46.102
4.36e-05,0.75613,0.037908,3.36e-18,3640.6,1.35e-10,2.03e-30,57.375
4.23e-05,0.69389,0.037234,7.42e-19,32311,2.69e-08,9.52e-32,58.498
5.29e-05,0.79591,0.046557,1.49e-17,9265.2,5.01e-10,1.44e-30,60.88
2.64e-05,0.88664,0.026816,6.29e-18,1.9577e+05,3.45e-10,6.78e-32,34.269
4.83e-05,0.50492,0.054328,4.32e-18,7649.6,8.96e-11,4.43e-31,68.09
4.94e-05,0.86711,0.026003,1.97e-17,24196,2.21e-10,7.56e-31,61.045
5.97e-05,0.65961,0.062752,9.95e-19,1.5325e+05,9.72e-10,9.62e-31,65.481
2.34e-05,0.84985,0.026036,9.25e-18,3453.6,5.44e-10,4.61e-31,32.539
3.32e-05,0.79711,0.03043,6.31e-18,2.8758e+05,3.64e-09,4.99e-30,47.28
4.86e-05,0.88602,0.019574,2.91e-18,1.7605e+05,1.99e-09,6.86e-31,62.11
4.49e-05,0.72333,0.039371,1.56e-18,69148,2.67e-09,1.19e-31,57.885
2.67e-05,0.79515,0.056156,1.8e-17,37089,1.17e-10,2.32e-31,34.505
3.38e-05,0.62856,0.024041,1.71e-17,15146,2.54e-09,2.15e-31,54.633
5.2e-05,0.88743,0.035609,1.14e-18,2.8904e+05,4.46e-09,3.82e-30,63.955
4.09e-05,0.52433,0.022829,1.99e-17,6428.2,8.59e-10,3.22e-30,68.32
3.66e-05,0.51,0.038165,1.87e-17,10111,1.6e-10,1.14e-30,60.926
4.29e-05,0.77289,0.040405,4.62e-18,5525.5,8.1e-10,6.3e-31,54.669
4.2e-05,0.85456,0.053711,9.15e-18,77315,8.08e-11,1.58e-30,49.189
3.66e-05,0.75293,0.040523,4.89e-18,67496,4.34e-10,2.49e-30,49.666
5.58e-05,0.61846,0.049645,1.67e-17,27363,3.23e-08,1.7e-30,63.852
5.54e-05,0.52047,0.04678,5.71e-18,64013,1.93e-09,1.04e-31,68.682
2.6e-05,0.7131,0.048262,1.24e-18,70534,3.7e-08,2.3e-31,40.474
4.17e-05,0.85648,0.035439,6.1e-18,2.3687e+05,5.32e-08,4.15e-31,54.962
2.59e-05,0.86886,0.034176,1.2e-18,7419.6,6.01e-11,1.99e-31,39.998
5.64e-05,0.78876,0.061324,2.36e-18,1.6882e+05,1.05e-09,3.86e-30,59.939
5.65e-05,0.77148,0.059654,5.26e-19,19318,2.57e-08,2.87e-31,56.283
5.11e-05,0.65051,0.04927,2.22e-18,59453,1.85e-09,1.27e-31,61.46
4.61e-05,0.5794,0.050165,1.94e-18,82360,5.77e-10,6.21e-31,62.648
3.85e-05,0.55989,0.028789,1.91e-18,8828.6,3.14e-08,8.17e-32,62.838
5.57e-05,0.54442,0.031477,5.52e-18,5267.1,6.2e-09,2.92e-31,74.895
5.65e-05,0.83179,0.049917,7.69e-18,45815,1.41e-10,6.37e-31,62.747
5.9e-05,0.88731,0.04798,8.32e-18,32395,7.51e-09,1.24e-31,59.153
4.1e-05,0.72206,0.027293,4.5e-18,1.3471e+05,9.25e-10,1.39e-31,57.699
5.07e-05,0.74912,0.025546,1.94e-17,7708.8,7.51e-11,5.21e-31,67.584
4.46e-05,0.84678,0.048648,1.45e-18,5293.6,5.31e-10,5.28e-32,51.45
4.93e-05,0.59986,0.039579,1.13e-17,4239.9,2.95e-09,5.1e-31,65.17
4.28e-05,0.64219,0.049732,3.36e-18,25037,2.75e-09,3.72e-31,55.669
4.68e-05,0.7514,0.02771,1.12e-18,4742.8,8.2e-11,1.88e-31,63.012
2.42e-05,0.90205,0.031297,1.08e-18,1.4495e+05,1.92e-09,5.05e-31,33.648
3.33e-05,0.69054,0.048126,2.38e-18,18225,3.3e-10,1.09e-30,51.081
3.37e-05,0.53338,0.042944,6.65e-18,3623.9,4.42e-08,5.38e-31,54.21
4.77e-05,0.59906,0.05679,1.69e-17,10284,2.82e-09,1.55e-31,57.243
2.97e-05,0.83053,0.0249,1.73e-17,31074,4.81e-10,8.97e-31,40.732
3.41e-05,0.72831,0.053657,1.5e-17,28317,1.29e-10,3.35e-30,45.599
5.98e-05,0.62741,0.033765,2.08e-19,36685,3.99e-08,9.95e-32,74.823
4.24e-05,0.56938,0.030746,1.14e-17,36945,2.32e-09,1.81e-31,63.95
4.53e-05,0.57719,0.046136,5.57e-19,64499,3.61e-10,8.73e-32,63.647
2.16e-05,0.85893,0.025217,7.53e-19,1.548e+05,2.67e-08,1.69e-31,35.532
4.22e-05,0.73806,0.061497,4.83e-18,1.2811e+05,3.76e-09,5.28e-32,48.579
3.14e-05,0.61528,0.057856,6.1e-19,2.6161e+05,5.77e-09,5.11e-32,44.967
3.53e-05,0.51587,0.05183,1.25e-17,20393,6.66e-10,8.23e-32,53.832
5.62e-05,0.62293,0.018054,9.55e-18,9589.6,1.68e-09,3.24e-30,79.921
5.61e-05,0.74062,0.056855,8.02e-18,5711.4,9.88e-10,1.67e-31,59.765
5.28e-05,0.67617,0.055426,5.75e-19,1.3742e+05,1.66e-09,2.31e-31,61.392
3.91e-05,0.61377,0.028419,1.44e-17,78987,2.81e-10,8.49e-31,60.836
5.81e-05,0.84719,0.024176,2.21e-18,1.3193e+05,5.25e-09,1.78e-31,69.813
3.56e-05,0.6908,0.022851,1.65e-18,3357.3,4.69e-10,5.12e-32,53.561
5.71e-05,0.73566,0.031877,1.5e-18,6328.4,5.29e-09,1.65e-31,69.363
5.58e-05,0.8328,0.050837,1.77e-17,11592,1.17e-10,6.28e-32,61.008
5.54e-05,0.74575,0.047855,2.79e-18,2.5739e+05,2.47e-08,1.17e-31,60.976
3.86e-05,0.79291,0.059727,1.04e-18,56162,9.65e-11,1.54e-31,47.144
3.65e-05,0.7389,0.056539,8.71e-19,1.0818e+05,9.31e-09,1.29e-31,46.149
5.21e-05,0.57975,0.041402,6.39e-19,6224.9,4.54e-09,5.42e-31,68.231
4.45e-05,0.56235,0.020175,4.15e-18,6706.2,2.4e-08,2.18e-31,72.142
3.69e-05,0.53376,0.054633,1.07e-18,28729,3.59e-10,8.58e-32,55.216
3.75e-05,0.60431,0.029148,8.59e-18,20631,6.72e-09,5.91e-31,59.117
3.77e-05,0.5026,0.021143,3.03e-18,24499,6.32e-10,2.78e-31,66.07
4.45e-05,0.62273,0.061167,2.4e-18,5180.5,1.04e-08,1.56e-30,53.037
2.96e-05,0.61163,0.022277,1.18e-17,1.0786e+05,1.38e-10,3.49e-30,49.887
4.15e-05,0.56626,0.033888,5.63e-18,19975,3.49e-08,1.28e-30,63.628
5.3e-05,0.88056,0.016468,1.52e-18,1.2324e+05,2.96e-08,9.33e-32,70.498
5.98e-05,0.79996,0.048958,6.92e-19,49905,1.08e-10,3.51e-31,69.189
5.91e-05,0.88236,0.054786,2.59e-18,35361,1.68e-08,3e-30,57.358
2.69e-05,0.65866,0.050534,6.62e-18,41064,2.3e-09,5.3e-32,40.236
3.91e-05,0.8375,0.047737,1.84e-18,43831,1.41e-08,5.87e-31,48.299
5.37e-05,0.87786,0.015146,1.19e-17,2.2833e+05,1.07e-09,1.68e-30,67.953
3.83e-05,0.88615,0.049168,2.31e-18,1.0381e+05,2.33e-09,4.63e-31,45.166
3.18e-05,0.68726,0.022811,1.2e-17,19134,9.4e-11,4.21e-30,48.877
2.62e-05,0.76188,0.064057,1.72e-17,33066,2.3e-10,7.27e-31,34.747
5.16e-05,0.59582,0.053166,1.73e-18,7835.9,1.4e-09,1.16e-31,62.286
5.54e-05,0.67849,0.045336,1.09e-17,9995.6,2.19e-10,4.36e-30,68.574
3.17e-05,0.72646,0.027828,2.94e-18,3181.9,2.59e-09,1.18e-31,47.634
5.57e-05,0.6555,0.047457,4.08e-18,13933,4.76e-09,2.58e-30,64.439
3.58e-05,0.88329,0.048105,8.81e-19,1.8759e+05,6.8e-09,1.03e-31,43.826
4.08e-05,0.89363,0.026151,2.66e-18,9729.6,1.24e-09,2.75e-31,51.544
5.69e-05,0.70412,0.025419,2.66e-19,2.7083e+05,1.4e-08,1.8e-31,75.764
4.55e-05,0.52507,0.045523,6.72e-18,35665,2.26e-09,5.31e-31,63.053
2.39e-05,0.55585,0.053251,5.46e-18,1.9917e+05,2.85e-08,8.85e-32,40.789
5.68e-05,0.56986,0.063714,6.09e-18,1.8813e+05,1.55e-09,4.97e-30,62.874
2.77e-05,0.60869,0.016746,3.67e-18,63631,7.86e-09,6.39e-31,50.988
4.71e-05,0.68762,0.048165,5.34e-19,3954.5,1.28e-09,1.86e-31,58.702
3.89e-05,0.77883,0.031314,9.36e-18,1.8406e+05,8.99e-10,3.51e-31,52.48
5.41e-05,0.70076,0.016303,7.82e-18,6761.1,4.27e-08,3.02e-30,78.758
2.94e-05,0.76205,0.045593,9.87e-19,5833.4,2.89e-08,8.72e-31,43.242
3.53e-05,0.61861,0.040577,9.12e-18,5592.5,8.26e-09,1.46e-30,53.075
4.76e-05,0.89021,0.032942,1.87e-18,8252.7,1.16e-09,6.03e-31,56.683
2.67e-05,0.87595,0.064831,1.68e-17,24006,1.86e-08,7.35e-31,34.291
5.38e-05,0.58735,0.024971,3.42e-18,6667.1,3.91e-10,4.08e-31,77.217
3.48e-05,0.71457,0.032101,4.57e-19,21741,4.74e-08,7.71e-32,53.651
4.72e-05,0.70901,0.01758,1.97e-17,49348,2.07e-08,3.92e-31,70.061
3.84e-05,0.56465,0.018184,1.15e-17,9677.6,8.04e-09,8.53e-32,65.047
2.71e-05,0.52758,0.018366,1.06e-17,41243,2.33e-10,1.74e-30,51.178
3e-05,0.76062,0.051497,6.69e-19,1.0172e+05,4.76e-08,3.64e-31,43.218
2.93e-05,0.7139,0.055736,1.02e-17,1.0313e+05,5.28e-09,1.73e-30,40.795
5.11e-05,0.73922,0.034853,2.07e-18,5410.2,3.15e-08,1.35e-30,65.132
5.01e-05,0.67675,0.054595,2.44e-18,3939.2,6.51e-10,8.57e-31,59.965
3.65e-05,0.55902,0.053985,9.98e-19,8054.5,8.41e-09,1.21e-31,51.571
3.54e-05,0.68931,0.047482,2.55e-18,14767,1.37e-09,7.23e-31,48.82
5.03e-05,0.82195,0.057823,8.5e-18,30881,8.43e-10,8.08e-32,53.803
3.34e-05,0.87744,0.045651,1.14e-17,93479,9.5e-10,6.24e-32,40.718
5.23e-05,0.8048,0.044088,3.59e-18,31582,6.38e-10,3.3e-31,60.445
5.66e-05,0.66478,0.033237,1.03e-18,53390,4.82e-08,3.77e-31,71.943
2.57e-05,0.83225,0.052006,3.53e-18,46992,1.69e-09,1.05e-30,34.331
4.35e-05,0.83144,0.015383,2.51e-18,2.8994e+05,2.64e-09,1.44e-31,59.937
4.7e-05,0.67186,0.029166,3.76e-18,3122.3,1.18e-09,8.07e-31,65.332
3.73e-05,0.78257,0.041468,1.26e-18,57079,3.95e-08,6.54e-31,50.983
3.77e-05,0.77522,0.015441,8.33e-19,37874,2.4e-08,7e-32,59.288
3.38e-05,0.8589,0.0479,3.61e-18,3324.5,7.87e-10,2.32e-31,41.42
3.92e-05,0.72622,0.055251,1.1e-17,11468,2.23e-08,2.78e-31,48.791
5.83e-05,0.53192,0.025909,1.56e-17,72522,3.78e-10,6.82e-32,81.804
5.66e-05,0.70471,0.040266,1.5e-18,1.1788e+05,1.67e-10,3.46e-31,71.207
4.91e-05,0.7175,0.048755,4.74e-19,18671,1.3e-10,7.77e-32,61.614
4.77e-05,0.65412,0.032446,1.42e-17,6687.7,3.1e-09,1.15e-30,65.139
4.43e-05,0.69131,0.035425,9.04e-18,9888.7,1.82e-09,7.78e-31,59.962
2.18e-05,0.72029,0.027933,3.22e-18,47290,6.36e-11,2.22e-31,32.72
2.89e-05,0.71337,0.025835,6.26e-18,17060,1.03e-10,1.05e-31,42.818
4.13e-05,0.87639,0.060001,3.84e-18,2.7523e+05,3.31e-10,2.19e-31,46.215
2.73e-05,0.74941,0.020091,6.03e-19,3296.8,3.48e-08,2.39e-31,47.128
3.58e-05,0.8984,0.052992,6.18e-19,8664.8,2.46e-09,1.9e-31,41.982
2.76e-05,0.65669,0.043022,6.95e-18,24387,1.36e-09,1.84e-30,42.525
3.45e-05,0.90363,0.062074,4.86e-18,17262,9.81e-09,9.11e-32,39.403
4.5e-05,0.89058,0.04257,2.58e-19,67889,4.42e-09,9.15e-32,52.802
3.55e-05,0.82317,0.064359,5.94e-19,6208.6,3.08e-09,7.82e-32,41.365
4.3e-05,0.73306,0.050948,2.08e-18,46854,3.54e-10,5.9e-32,53.823
3.87e-05,0.8683,0.049668,2.29e-18,3525.3,9.75e-11,5.69e-31,45.658
3.26e-05,0.69178,0.024094,9.78e-18,12742,5.3e-08,1.22e-30,55.24
2.42e-05,0.89046,0.026675,2.62e-18,1.8044e+05,2.15e-10,2.98e-31,32.035
4.87e-05,0.59937,0.039893,1.34e-18,2.3738e+05,3.43e-08,5.39e-32,64.517
5.1e-05,0.55834,0.036471,2.32e-18,5686.7,3.29e-08,3.75e-30,70.477
5.14e-05,0.55853,0.035063,5.63e-19,69523,8.87e-10,2.53e-31,77.353
2.51e-05,0.75081,0.018217,8.24e-18,5791.3,4.58e-10,1.18e-30,38.282
3.77e-05,0.73782,0.021081,2.46e-18,81484,3.16e-09,9.71e-32,55.799
5.67e-05,0.56605,0.047187,2.38e-19,4204.5,4.34e-09,1.64e-31,74.736
2.13e-05,0.73729,0.03672,1.43e-17,29918,3.01e-08,3.12e-31,36.335
5.7e-05,0.60382,0.028394,1.26e-17,2.1192e+05,2.44e-10,2.57e-30,78.989
5.13e-05,0.52747,0.04914,4.3e-18,16794,4.99e-09,7.83e-31,64.599
5.56e-05,0.71106,0.037122,1.89e-18,3344.5,1.14e-10,5.13e-31,70.563
5.09e-05,0.76028,0.04859,3.28e-19,3517.3,2.36e-08,6.77e-31,59.489
4.28e-05,0.70233,0.027528,4.87e-19,25805,3.43e-09,3.75e-31,61.859
4.84e-05,0.86853,0.0242,6.98e-18,94408,4.96e-09,1.98e-30,61.652
4.68e-05,0.62529,0.033466,1.17e-18,1.0084e+05,3.89e-08,2.65e-30,70.914
2.17e-05,0.58209,0.035891,1.4e-17,17882,1.51e-09,6.02e-31,38.507
5.46e-05,0.74305,0.015527,1.24e-17,7172,1.22e-10,5.34e-31,74.525
4.02e-05,0.7423,0.045482,1.35e-17,7536.9,6.06e-09,8.69e-31,51.86
5.79e-05,0.89699,0.054264,1.46e-17,1.2421e+05,2.14e-10,1.06e-31,59.319
4.54e-05,0.89098,0.023186,5.01e-19,2.5456e+05,9.18e-09,8.68e-32,59.403
3.95e-05,0.76088,0.033305,1.82e-17,37739,4.86e-10,3.8e-31,53.32
5.74e-05,0.65574,0.020832,1.37e-18,22120,1.1e-09,1.51e-30,79.923
2.17e-05,0.87383,0.025503,4.18e-18,5826,2.99e-08,1.59e-31,35.626
5.49e-05,0.5516,0.041835,4.61e-18,61473,6.68e-10,1.39e-31,71.488
4.12e-05,0.61434,0.059508,4.01e-18,8333.6,3.88e-10,9.5e-31,54.794
4.61e-05,0.74132,0.061036,4.46e-18,69404,2.49e-10,4.32e-31,54.63
5.25e-05,0.58135,0.033603,2.34e-19,67712,8.16e-10,6.56e-32,75.743
2.44e-05,0.52275,0.051557,7.54e-18,94004,2.82e-08,1.12e-31,42.66
3.46e-05,0.60548,0.062244,3.64e-18,16907,2.03e-10,8.94e-32,48.954
4.73e-05,0.66065,0.034538,1.28e-17,83530,5.12e-09,1.42e-30,63.861
5.2e-05,0.86159,0.0374,1.92e-17,58565,2.35e-10,1.53e-31,60.381
4.19e-05,0.75213,0.030605,1.64e-17,2.5139e+05,4.77e-10,7.29e-31,56.987
3.4e-05,0.86551,0.031917,8.49e-19,3084.5,3.63e-09,1.05e-30,45.579
5.17e-05,0.57091,0.039118,8.7e-18,4724,2.57e-10,1.31e-31,70.626
4.66e-05,0.81237,0.030976,7.4e-18,52153,2.71e-10,3.39e-31,59.24
3.93e-05,0.70686,0.033796,1.57e-18,2.0909e+05,4.6e-09,1.67e-30,56.915
4.13e-05,0.65427,0.019211,1.25e-18,1.9853e+05,3.12e-09,1.08e-30,65.604
3.63e-05,0.65173,0.030947,1.69e-18,1.7822e+05,1.31e-08,7.08e-32,55.919
5.4e-05,0.82496,0.034344,1.59e-17,15754,1.66e-10,1.6e-31,64.407
4.4e-05,0.68773,0.031824,6.24e-19,3366.6,1.38e-09,7.62e-32,60.68
3.74e-05,0.81918,0.022465,8.84e-18,5121.4,8.16e-09,2.34e-31,53.491
3.47e-05,0.80045,0.024239,4.75e-19,17108,8.38e-10,7.45e-32,48.418
3.05e-05,0.81948,0.027844,5.67e-18,1.1877e+05,1.51e-10,6.52e-32,40.708
5.01e-05,0.64577,0.016884,1.35e-17,1.1284e+05,9.44e-09,2.04e-31,74.201
2.81e-05,0.72169,0.024819,1.31e-17,5432.6,1.76e-08,1.97e-30,46.762
5.52e-05,0.5985,0.054938,1.83e-17,1.8151e+05,7.53e-10,1.14e-31,64.467
3.75e-05,0.62348,0.052588,1.92e-17,1.9356e+05,1.21e-10,2.55e-31,53.543
2.63e-05,0.61776,0.064013,1.18e-17,1.5241e+05,6.49e-10,7.97e-32,38.981
5.53e-05,0.50296,0.044746,1.61e-18,1.0957e+05,1.39e-09,4.11e-31,72.434
5.78e-05,0.62424,0.024269,1.25e-17,19517,9.9e-09,8.35e-31,77.752
2.18e-05,0.65288,0.022201,7.18e-18,11478,2.18e-08,3.59e-30,41.589
5.99e-05,0.66538,0.06059,1.42e-18,39507,4.68e-10,4.65e-31,65.681
5.03e-05,0.55055,0.027739,1.95e-17,20562,1.04e-09,7.44e-31,73.672
2.05e-05,0.70122,0.030718,1.22e-18,2.2605e+05,1.31e-08,7.74e-32,35.802
3.43e-05,0.81173,0.061968,9.69e-18,3410.4,1.84e-08,4.75e-30,41.769
4.81e-05,0.50671,0.040927,4.22e-18,3114,5.62e-08,2.24e-30,67.091
4.37e-05,0.8622,0.027488,8.31e-18,27268,3.97e-08,3.88e-31,58.969
3.8e-05,0.882,0.052556,2.33e-19,1.007e+05,4.5e-08,3.14e-31,47.483
3.6e-05,0.56913,0.03783,3.38e-18,3458.7,6.11e-10,9.22e-31,56.439
3.47e-05,0.7077,0.055514,3.64e-18,44312,5.56e-09,1.22e-31,45.53
4.81e-05,0.71128,0.019814,7.54e-19,35618,2.52e-08,2.94e-31,70.47
