,Grain-size-ratio index,Grain Size (um),Operation Days,Heat Flux (W/cm2),Fission Rate (10^14 f/cm3/s),Coolant init Temp (C),Fuel Temp (C),Fission Density (10^21 f/cm3),Fuel Swelling (%),Fuel Gas Swelling (%)
9639,1,1.34,3,240.0,6,88,144.1907996418129,0.1555200006214273,1.076109577684947,0.454029575199238
9640,1,1.34,4,240.0,6,88,144.2341259990253,0.2073600008285697,1.624573251637956,0.7951332483236768
9641,1,1.34,5,240.0,6,88,144.3434979089237,0.2592000010357121,2.229237914697117,1.192437910554268
9642,1,1.34,6,240.0,6,88,144.3981193780542,0.3110400012428545,2.864829500638499,1.62066949566708
9643,1,1.34,7,240.0,6,88,144.4556405868609,0.362880001449997,3.51962633936882,2.068106333568832
9644,1,1.34,8,240.0,6,88,144.5165158886773,0.4147200016571394,4.186716996487028,2.52783698985847
9645,1,1.34,9,240.0,6,88,144.5791166303043,0.4665600018642818,4.861106687203094,2.994866679745967
9646,1,1.34,10,240.0,6,88,144.6428423505043,0.5184000020714241,5.539148740681575,3.465548732395877
9647,1,1.34,11,240.0,6,88,144.7072741744015,0.5702400022785665,6.218207955576117,3.937247946461851
9648,1,1.34,12,240.0,6,88,144.7721049185857,0.6220800024857089,6.896058233350089,4.407738223407253
9649,1,1.34,13,240.0,6,88,144.8370678522066,0.6739200026928513,7.571098711883673,4.875418701112267
9650,1,1.34,14,240.0,6,88,144.901944373865,0.7257600028999937,8.242192375990538,5.339152364390564
9651,1,1.34,15,240.0,6,88,144.9666080525764,0.7776000031071361,8.908101388441143,5.797701376012597
9652,1,1.34,16,240.0,6,88,145.0309217261494,0.8294400033142785,9.567691639073312,6.249931625816199
9653,1,1.34,17,240.0,6,88,145.0947451304245,0.8812800035214209,10.21990441699532,6.694784402909633
9654,1,1.34,18,240.0,6,88,145.1579438158449,0.9331200037285632,10.8638102356182,7.131330220703946
9655,1,1.34,19,240.0,6,88,145.220401669253,0.9849600039357056,11.49871646903086,7.558876453288041
9656,1,1.34,20,240.0,6,88,145.2820179046925,1.036800004142848,12.12372859780683,7.976528581235439
9657,1,1.34,21,240.0,6,88,145.3426731681914,1.08864000434999,12.73817731187281,8.38361729447285
9658,1,1.34,22,240.0,6,88,145.4022778414242,1.140480004557133,13.34166459478659,8.779744576558066
9659,1,1.34,23,240.0,6,88,145.4607492178407,1.192320004764275,13.93358932750462,9.16430930844752
9660,1,1.34,24,240.0,6,88,145.518005094818,1.244160004971418,14.51348327407362,9.536843254187945
9661,1,1.34,25,240.0,6,88,145.5739644194674,1.29600000517856,15.0812056547404,9.897205634026156
9662,1,1.34,26,240.0,6,88,145.6285974262945,1.3478400053857031,15.63635438448868,10.24499436294586
9663,1,1.34,27,240.0,6,88,145.6818251991679,1.3996800055928451,16.17899524148697,10.58027521911559
9664,1,1.34,28,240.0,6,88,145.7336336511515,1.451520005799988,16.70884947895635,10.9027694557564
9665,1,1.34,29,240.0,6,88,145.7839593655432,1.50336000600713,17.22679434794111,11.21335432391259
9666,1,1.34,30,240.0,6,88,145.8328264832085,1.555200006214273,17.73315320819712,11.51235318334003
9667,1,1.34,31,240.0,6,88,145.8803436309033,1.607040006421415,18.22788599569579,11.79972597001012
9668,1,1.34,32,240.0,6,88,145.9265102420716,1.658880006628558,18.71099618335927,12.07547615684504
9669,1,1.34,33,240.0,6,88,145.9712928343565,1.7107200068357,19.18264849084398,12.33976846350118
9670,1,1.34,34,240.0,6,88,146.0146976071836,1.762560007042843,19.64282665537973,12.59258662720836
9671,1,1.34,35,240.0,6,88,146.05671983983,1.814400007249986,20.09160943261261,12.83400940361267
9672,1,1.34,36,240.0,6,88,146.0973599623314,1.866240007457128,20.52931245058463,13.06435242075611
9673,1,1.34,37,240.0,6,88,146.1366186867443,1.918080007664271,20.95613301662551,13.28381298596843
9674,1,1.34,38,240.0,6,88,146.1745231971404,1.9699200078714127,21.36892260723144,13.48924257574579
9675,1,1.34,39,240.0,6,88,146.2128669331435,2.021760008078556,21.77044138917478,13.68340135686056
9676,1,1.34,40,240.0,6,88,146.249605998246,2.0736000082856982,22.16045513557875,13.86605510243596
9677,1,1.34,41,240.0,6,88,146.2847778405915,2.125440008492841,22.53754067576135,14.03578064178999
9678,1,1.34,42,240.0,6,88,146.3173033530346,2.177280008699983,22.90202173828156,14.19290170348163
9679,1,1.34,43,240.0,6,88,146.3477074553921,2.229120008907126,23.25444715679723,14.33796712116873
9680,1,1.34,44,240.0,6,88,146.3763080033773,2.280960009114268,23.60182446064851,14.47798442419143
9681,1,1.34,45,240.0,6,88,146.4078856060797,2.332800009321411,23.93145131966555,14.60025128237991
9682,1,1.34,46,240.0,6,88,146.4325969199257,2.384640009528553,24.25965019312828,14.72109015501407
9683,1,1.34,47,240.0,6,88,146.4608283519725,2.436480009735696,24.56819185603211,14.82227181708932
9684,1,1.34,48,240.0,6,88,146.4822880294702,2.488320009942838,24.8788722873137,14.92559224754235
9685,1,1.34,49,240.0,6,88,146.5075508258529,2.5401600101499806,25.18047776693349,15.01983772633357
9686,1,1.34,50,240.0,6,88,146.5309896107934,2.592000010357123,25.47448240017132,15.10648235874283
9687,1,1.34,51,240.0,6,88,146.5529469991384,2.643840010564266,25.77916607307699,15.20380603081992
9688,1,1.34,52,240.0,6,88,146.5800392922977,2.695680010771408,26.09564724602125,15.31292720293562
9689,1,1.34,53,240.0,6,88,146.6106963399868,2.7475200109785507,26.40698745575252,15.41690741183832
9690,1,1.34,54,240.0,6,88,146.638906144895,2.799360011185693,26.71388842121246,15.51644837646968
9691,1,1.34,55,240.0,6,88,146.6654581265064,2.851200011392836,26.9936461049948,15.58884605942346
9692,1,1.34,56,240.0,6,88,146.6831243057361,2.9030400115999777,27.29291756490044,15.68075751850053
9693,1,1.34,57,240.0,6,88,146.7080938037724,2.954880011807121,27.58937283533198,15.76985278810349
9694,1,1.34,58,240.0,6,88,146.7331996716123,3.006720012014263,27.86403203020186,15.8371519821448
9695,1,1.34,59,240.0,6,88,146.7494504957539,3.058560012221406,28.28727118993857,16.05303114105294
9696,1,1.34,60,240.0,6,88,146.8082537271915,3.110400012428549,28.69215045306669,16.25055040335249
9697,1,1.34,61,240.0,6,88,146.853418233077,3.162240012635691,29.10281186205468,16.45385181151192
9698,1,1.34,62,240.0,6,88,146.8957149291923,3.214080012842834,29.62478693029401,16.76846687892266
9699,1,1.34,63,240.0,6,88,146.9673031373927,3.265920013049976,30.20687006279189,17.14319001059199
9700,1,1.34,64,240.0,6,88,147.0446687351898,3.3177600132571192,30.80062112789407,17.52958107486559
9701,1,1.34,65,240.0,6,88,147.1192513820334,3.369600013464261,31.44195832473552,17.96355827087848
9702,1,1.34,66,240.0,6,88,147.2048685202568,3.421440013671404,32.15453548297802,18.4687754282924
9703,1,1.34,67,240.0,6,88,147.3023916518305,3.4732800138785462,32.88535375999541,18.99223370448122
9704,1,1.34,68,240.0,6,88,147.4002734543607,3.5251200140856893,33.59455603858397,19.49407598224121
9705,1,1.34,69,240.0,6,88,147.486105737979,3.576960014292831,34.41441583016625,20.10657577299492
9706,1,1.34,70,240.0,6,88,147.6023934417906,3.628800014499974,35.40342063669186,20.88822057869196
9707,1,1.34,71,240.0,6,88,147.7483397775922,3.680640014707116,36.42840843476346,21.70584837593499
9708,1,1.34,72,240.0,6,88,147.8954055073933,3.7324800149142594,37.5456152954614,22.61569523580436
9709,1,1.34,73,240.0,6,88,148.0626584996988,3.784320015121401,38.6493352426402,23.51205518215459
9710,1,1.34,74,240.0,6,88,148.2193513822498,3.836160015328544,39.85580635503499,24.51116629372082
9711,1,1.34,75,240.0,6,88,148.4013202217476,3.888000015535686,41.04947643453259,25.49747637238985
9712,1,1.34,76,240.0,6,88,148.5736197402774,3.9398400157428286,42.20550006870536,26.44614000573405
9713,1,1.34,77,240.0,6,88,148.735612649961,3.991680015949971,43.05266987885071,27.08594981505081
9714,1,1.34,78,240.0,6,88,148.8331268411021,4.043520016157114,43.93619703387852,27.76211696925007
9715,1,1.34,79,240.0,6,88,148.9450301802955,4.095360016364256,44.85332462732462,28.47188456186759
9716,1,1.34,80,240.0,6,88,149.0690777354566,4.147200016571399,45.74160111344946,29.15280104716388
9717,1,1.34,81,240.0,6,88,149.1807339081753,4.19904001677854,46.64939020138976,29.85323013427558
9718,1,1.34,82,240.0,6,88,149.3033395173915,4.250880016985684,47.59964042241326,30.59612035447054
9719,1,1.34,83,240.0,6,88,149.4365123552923,4.302720017192826,48.59720800399247,31.38632793522117
9720,1,1.34,84,240.0,6,88,149.5800098209842,4.354560017399969,49.3096193794943,31.89137930989443
9721,1,1.34,85,240.0,6,88,149.6566410056135,4.406400017607111,50.01944297482706,32.3938429043986
9722,1,1.34,86,240.0,6,88,149.7482873589487,4.458240017814254,50.68547781470124,32.85251774344422
9723,1,1.34,87,240.0,6,88,149.822932615569,4.510080018021397,51.26295576075929,33.2226356886737
9724,1,1.34,88,240.0,6,88,149.8783406022831,4.561920018228539,51.60155584294544,33.35387577003127
9725,1,1.34,89,240.0,6,88,149.8885793264356,4.613760018435682,51.96117437229509,33.50613429855237
9726,1,1.34,90,240.0,6,88,149.9093112217276,4.665600018642824,52.33940135841483,33.67700128384353
9727,1,1.34,91,240.0,6,88,149.9383045629266,4.717440018849967,52.72098895908274,33.85122888368287
9728,1,1.34,92,240.0,6,88,149.9746021742317,4.769280019057109,52.98371301194135,33.9065929357129
9729,1,1.34,93,240.0,6,88,149.9880673516479,4.82112001926425,53.27309692411577,33.98861684705876
9730,1,1.34,94,240.0,6,88,150.0086602130941,4.8729600194713925,53.53257385438358,34.04073377649801
9731,1,1.34,95,240.0,6,88,150.0011224084125,4.924800019678535,53.77829441658973,34.07909433787558
9732,1,1.34,96,240.0,6,88,149.9991436495346,4.976640019885677,53.98990609086449,34.0833460113218
9733,1,1.34,97,240.0,6,88,150.0025745643532,5.028480020092818,54.20167452103621,34.08775444066494
9734,1,1.34,98,240.0,6,88,150.0106059781593,5.08032002029996,54.41315183018934,34.0918717489895
9735,1,1.34,99,240.0,6,88,150.0225016865567,5.132160020507103,54.62477754503272,34.09613746300431
9736,1,1.34,100,240.0,6,88,150.0383840698141,5.184000020714245,54.8358956226992,34.09989553984223
9737,1,1.34,101,240.0,6,88,150.0207952592821,5.235840020921387,55.05762813631209,34.11426805262654
9738,1,1.34,102,240.0,6,88,150.0414682046612,5.287680021128528,55.31410402972183,34.16338394520771
9739,1,1.34,103,240.0,6,88,150.0648094286556,5.33952002133567,55.52609826645962,34.16801818111693
9740,1,1.34,104,240.0,6,88,150.0541366286363,5.391360021542813,55.73820822647031,34.17276814029906
9741,1,1.34,105,240.0,6,88,150.0465704935688,5.443200021749955,55.95041251027724,34.17761242327742
9742,1,1.34,106,240.0,6,88,150.0412513626625,5.495040021957096,56.16128180846211,34.18112172063373
9743,1,1.34,107,240.0,6,88,150.0375314879206,5.546880022164238,56.37330985101635,34.18578976235938
9744,1,1.34,108,240.0,6,88,150.0356996688107,5.5987200223713804,56.58464150881288,34.18976141932736
9745,1,1.34,109,240.0,6,88,150.0350467970118,5.650560022578523,56.79620086217436,34.19396077186027
9746,1,1.34,110,240.0,6,88,150.0355546685718,5.702400022785665,57.00846770018174,34.1988676090391
9747,1,1.34,111,240.0,6,88,150.0372650747846,5.754240022992806,57.22042830092876,34.20346820895754
9748,1,1.34,112,240.0,6,88,150.0397729771372,5.806080023199948,57.43308290882897,34.20876281602918
9749,1,1.34,113,240.0,6,88,150.0431576677353,5.8579200234070905,57.64474080306751,34.21306070943914
9750,1,1.34,114,240.0,6,88,150.0470515575028,5.909760023614233,57.85661356852074,34.21757347406383
9751,1,1.34,115,240.0,6,88,150.0515600163011,5.961600023821375,58.06890049964084,34.22250040435534
9752,1,1.34,116,240.0,6,88,150.0567245968999,6.013440024028516,58.28046051470407,34.22670041859
9753,1,1.34,117,240.0,6,88,150.0621800071478,6.065280024235658,58.49101647814506,34.22989638120242
9754,1,1.34,118,240.0,6,88,150.0678790218247,6.117120024442801,58.70266679669663,34.23418669892542
9755,1,1.34,119,240.0,6,88,150.074174047047,6.168960024649943,58.91387679718974,34.23803669858997
9756,1,1.34,120,240.0,6,88,150.0807187576049,6.220800024857084,59.12568870147268,34.24248860204433
9757,1,1.34,121,240.0,6,88,150.0876772032257,6.272640025064226,59.33705117441431,34.24649107415741
9758,1,1.34,122,240.0,6,88,150.0948040398411,6.324480025271368,59.54850074694046,34.25058064585498
9759,1,1.34,123,240.0,6,88,150.1021736810675,6.376320025478511,59.76041606140768,34.25513595949364
9760,1,1.34,124,240.0,6,88,150.1098654896676,6.428160025685653,59.9719477561605,34.25930765341791
9761,1,1.34,125,240.0,6,88,150.1176432524119,6.480000025892794,60.18361551984626,34.26361541627508
9762,1,1.34,126,240.0,6,88,150.1255955597137,6.531840026099936,60.39579220590786,34.2684321015081
9763,1,1.34,127,240.0,6,88,150.1338138944099,6.583680026307079,60.60697227389903,34.27225216867072
9764,1,1.34,128,240.0,6,88,150.1419508014855,6.635520026514221,60.81712300607478,34.27504290001791
9765,1,1.34,129,240.0,6,88,150.1499904686688,6.687360026721362,61.02901623576818,34.27957612888273
9766,1,1.34,130,240.0,6,88,150.1584771899667,6.739200026928504,61.23991812060427,34.28311801289023
9767,1,1.34,131,240.0,6,88,150.1668318479907,6.791040027135646,61.45066820173549,34.2865080931929
9768,1,1.34,132,240.0,6,88,150.1752745817362,6.8428800273427886,61.66287060491526,34.29135049554409
9769,1,1.34,133,240.0,6,88,150.1840121531127,6.894720027549931,61.8744310144847,34.29555090428497
9770,1,1.34,134,240.0,6,88,150.1927002366382,6.946560027757072,62.08606125906419,34.29982114803591
9771,1,1.34,135,240.0,6,88,150.2014441334211,6.998400027964214,62.29776153687515,34.30416142501829
10553,2,4.36,3,240.0,6,88,144.1548205210241,0.1555200006214273,0.6853414093909728,0.0632614069052636
10554,2,4.36,4,240.0,6,88,144.1636224621215,0.2073600008285697,0.9591250834449344,0.1296850801306559
10555,2,4.36,5,240.0,6,88,144.2347113492838,0.2592000010357121,1.25303658924171,0.2162365850988618
10556,2,4.36,6,240.0,6,88,144.2470565546714,0.3110400012428545,1.561545853386022,0.3173858484146038
10557,2,4.36,7,240.0,6,88,144.2603670355111,0.362880001449997,1.880903028590999,0.4293830227910107
10558,2,4.36,8,240.0,6,88,144.2760355031385,0.4147200016571394,2.208193973757067,0.5493139671285096
10559,2,4.36,9,240.0,6,88,144.2929513988462,0.4665600018642818,2.540900521388805,0.6746605139316779
10560,2,4.36,10,240.0,6,88,144.310856393278,0.5184000020714241,2.876963439257928,0.8033634309722318
10561,2,4.36,11,240.0,6,88,144.3295548625501,0.5702400022785665,3.214557697484755,0.9335976883704884
10562,2,4.36,12,240.0,6,88,144.3489024094181,0.6220800024857089,3.552069549548578,1.063749539605743
10563,2,4.36,13,240.0,6,88,144.368744624259,0.6739200026928513,3.888056290484128,1.192376279712724
10564,2,4.36,14,240.0,6,88,144.3889369687519,0.7257600028999937,4.221302924638375,1.3182629130384
10565,2,4.36,15,240.0,6,88,144.4093451915135,0.7776000031071361,4.550774003334002,1.440373990905457
10566,2,4.36,16,240.0,6,88,144.4298402983059,0.8294400033142785,4.87561377649143,1.557853763234315
10567,2,4.36,17,240.0,6,88,144.450299816874,0.8812800035214209,5.195167010394232,1.67004699630855
10568,2,4.36,18,240.0,6,88,144.4706148770529,0.9331200037285632,5.509010710190986,1.776530695276732
10569,2,4.36,19,240.0,6,88,144.4906186962214,0.9849600039357056,5.8171378095562,1.877297793813377
10570,2,4.36,20,240.0,6,88,144.5102835430658,1.036800004142848,6.119346023600068,1.972146007028675
10571,2,4.36,21,240.0,6,88,144.5296032071502,1.08864000434999,6.415492952040375,2.060932934640412
10572,2,4.36,22,240.0,6,88,144.5485279626503,1.140480004557133,6.705602876237934,2.143682858009404
10573,2,4.36,23,240.0,6,88,144.5670070160404,1.192320004764275,6.989698151185994,2.220418132128893
10574,2,4.36,24,240.0,6,88,144.5850181936694,1.244160004971418,7.267888908952525,2.291248889066853
10575,2,4.36,25,240.0,6,88,144.6025427071993,1.29600000517856,7.540326773633313,2.356326752919071
10576,2,4.36,26,240.0,6,88,144.6195726740149,1.3478400053857031,7.807196634095027,2.415836612552213
10577,2,4.36,27,240.0,6,88,144.6361001515759,1.3996800055928451,8.06873703995246,2.470017017581076
10578,2,4.36,28,240.0,6,88,144.6521271236085,1.451520005799988,8.325157150070298,2.519077126870348
10579,2,4.36,29,240.0,6,88,144.6676632816803,1.50336000600713,8.5760814294417,2.562641405413181
10580,2,4.36,30,240.0,6,88,144.6842980772252,1.555200006214273,8.822250855220865,2.601450830363773
10581,2,4.36,31,240.0,6,88,144.6981190717896,1.607040006421415,9.064052960897776,2.635892935212115
10582,2,4.36,32,240.0,6,88,144.7117871293563,1.658880006628558,9.301595967065166,2.666075940550936
10583,2,4.36,33,240.0,6,88,144.7278942587841,1.7107200068357,9.53485708779465,2.691977060451849
10584,2,4.36,34,240.0,6,88,144.7397965755328,1.762560007042843,9.764851622587283,2.714611594415911
10585,2,4.36,35,240.0,6,88,144.7518874016351,1.814400007249986,9.991007355107556,2.733407326107613
10586,2,4.36,36,240.0,6,88,144.7658410185139,1.866240007457128,10.21654092436509,2.751580894536584
10587,2,4.36,37,240.0,6,88,144.780294327194,1.918080007664271,10.4370451224355,2.764725091778419
10588,2,4.36,38,240.0,6,88,144.7902450700183,1.9699200078714127,10.65877609695324,2.779096065467591
10589,2,4.36,39,240.0,6,88,144.8037828769037,2.021760008078556,10.8743133742105,2.787273341896278
10590,2,4.36,40,240.0,6,88,144.8134240374329,2.0736000082856982,11.09343528102695,2.799035247884158
10591,2,4.36,41,240.0,6,88,144.8263763768866,2.125440008492841,11.31236187025295,2.81060183628159
10592,2,4.36,42,240.0,6,88,144.8393947484329,2.177280008699983,11.53114866217182,2.822028627371886
10593,2,4.36,43,240.0,6,88,144.8521808878058,2.229120008907126,11.75009230022415,2.833612264595651
10594,2,4.36,44,240.0,6,88,144.8649450958782,2.280960009114268,11.9578807915614,2.834040755104323
10595,2,4.36,45,240.0,6,88,144.8723691577073,2.332800009321411,12.17691629191349,2.845716254627844
10596,2,4.36,46,240.0,6,88,144.884491232839,2.384640009528553,12.39607763475554,2.857517596641328
10597,2,4.36,47,240.0,6,88,144.8965995746561,2.436480009735696,12.61562744554484,2.869707406602055
10598,2,4.36,48,240.0,6,88,144.908623097493,2.488320009942838,12.85006048648436,2.896780446713007
10599,2,4.36,49,240.0,6,88,144.9265325503374,2.5401600101499806,13.07279189595097,2.912151855351052
10600,2,4.36,50,240.0,6,88,144.9382979213581,2.592000010357123,13.29647271948452,2.928472678056025
10601,2,4.36,51,240.0,6,88,144.9499719579387,2.643840010564266,13.54012440719103,2.96476436493397
10602,2,4.36,52,240.0,6,88,144.9685814506536,2.695680010771408,13.76867570536215,2.985955662276521
10603,2,4.36,53,240.0,6,88,144.9796865836821,2.7475200109785507,14.02062924718179,3.030549203267584
10604,2,4.36,54,240.0,6,88,144.997362128135,2.799360011185693,14.27587450001377,3.078434455271001
10605,2,4.36,55,240.0,6,88,145.0152788928939,2.851200011392836,14.53610715643793,3.131307110866581
10606,2,4.36,56,240.0,6,88,145.0331471698442,2.9030400115999777,14.83035997712056,3.218199930720645
10607,2,4.36,57,240.0,6,88,145.0582925066254,2.954880011807121,15.09945969072305,3.279939643494561
10608,2,4.36,58,240.0,6,88,145.0753863228246,3.006720012014263,15.40457596452466,3.377695916467606
10609,2,4.36,59,240.0,6,88,145.1008556310925,3.058560012221406,15.75790665653727,3.523666607651642
10610,2,4.36,60,240.0,6,88,145.1346360349918,3.110400012428549,16.15926420834647,3.717664158632279
10611,2,4.36,61,240.0,6,88,145.1758400509943,3.162240012635691,16.57185821530003,3.922898164757262
10612,2,4.36,62,240.0,6,88,145.2169612775519,3.214080012842834,16.99765108194182,4.141331030570488
10613,2,4.36,63,240.0,6,88,145.2580945088594,3.265920013049976,17.52762784957459,4.463947797374685
10614,2,4.36,64,240.0,6,88,145.3178729185425,3.3177600132571192,18.07477145463892,4.803731401610444
10615,2,4.36,65,240.0,6,88,145.3779873625904,3.369600013464261,18.58733651011291,5.108936456255864
10616,2,4.36,66,240.0,6,88,145.4277073056029,3.421440013671404,19.16703551810205,5.481275463416439
10617,2,4.36,67,240.0,6,88,145.4893750917839,3.4732800138785462,19.81947676064091,5.926356705126723
10618,2,4.36,68,240.0,6,88,145.5643866264574,3.5251200140856893,20.43493719941464,6.334457143071881
10619,2,4.36,69,240.0,6,88,145.62938824382,3.576960014292831,21.06863768163506,6.760797624463737
10620,2,4.36,70,240.0,6,88,145.6963803918278,3.628800014499974,21.84982263732761,7.334622579327712
10621,2,4.36,71,240.0,6,88,145.7897610888689,3.680640014707116,22.72433683122258,8.001776772394113
10622,2,4.36,72,240.0,6,88,145.8980182817789,3.7324800149142594,23.56112361850131,8.631203558844271
10623,2,4.36,73,240.0,6,88,145.9949771396801,3.784320015121401,24.42496980922586,9.287689748740252
10624,2,4.36,74,240.0,6,88,146.0947544572636,3.836160015328544,25.39251884433634,10.04787878302216
10625,2,4.36,75,240.0,6,88,146.2135270091651,3.888000015535686,26.31386143750461,10.76186137536186
10626,2,4.36,76,240.0,6,88,146.3210483629756,3.9398400157428286,27.26476236953669,11.50540230656538
10627,2,4.36,77,240.0,6,88,146.4327681187946,3.991680015949971,28.15800192083224,12.19128185703236
10628,2,4.36,78,240.0,6,88,146.5340755972157,4.043520016157114,29.07761634289478,12.90353627826632
10629,2,4.36,79,240.0,6,88,146.6413656455923,4.095360016364256,30.0247301322858,13.64329006682878
10630,2,4.36,80,240.0,6,88,146.7544585306001,4.147200016571399,31.00105124823575,14.41225118195016
10631,2,4.36,81,240.0,6,88,146.8728745918081,4.19904001677854,32.10794331356062,15.31178324644645
10632,2,4.36,82,240.0,6,88,147.0159380141964,4.250880016985684,33.14823676424825,16.14471669630551
10633,2,4.36,83,240.0,6,88,147.1440280678654,4.302720017192826,34.33005639027055,17.11917632149925
10634,2,4.36,84,240.0,6,88,147.2989521912987,4.354560017399969,35.3253756408556,17.90713557125572
10635,2,4.36,85,240.0,6,88,147.4165321953484,4.406400017607111,36.465787602018,18.84018753158956
10636,2,4.36,86,240.0,6,88,147.5639715891409,4.458240017814254,37.51857906523903,19.68561899398202
10637,2,4.36,87,240.0,6,88,147.6947848454417,4.510080018021397,38.60239834235946,20.56207827027388
10638,2,4.36,88,240.0,6,88,147.8316712490697,4.561920018228539,39.58625080966486,21.3385707367507
10639,2,4.36,89,240.0,6,88,147.9507977304732,4.613760018435682,40.59528536083455,22.14024528709183
10640,2,4.36,90,240.0,6,88,148.0763576029786,4.665600018642824,41.76618956021107,23.10378948563978
10641,2,4.36,91,240.0,6,88,148.2361471667902,4.717440018849967,42.83141366638897,23.96165359098909
10642,2,4.36,92,240.0,6,88,148.3745382441537,4.769280019057109,44.07398105468882,24.99686097846039
10643,2,4.36,93,240.0,6,88,148.5485746851029,4.82112001926425,45.20115048359663,25.91667040653963
10644,2,4.36,94,240.0,6,88,148.698835134123,4.8729600194713925,46.36138393731972,26.86954385943414
10645,2,4.36,95,240.0,6,88,148.8550141133833,4.924800019678535,47.38896055525178,27.68976047653764
10646,2,4.36,96,240.0,6,88,148.9863146163427,4.976640019885677,48.4399393573647,28.53337927782199
10647,2,4.36,97,240.0,6,88,149.1255745972594,5.028480020092818,49.51321994209192,29.39929986172065
10648,2,4.36,98,240.0,6,88,149.2720672114399,5.08032002029996,50.43771173424128,30.11643165304145
10649,2,4.36,99,240.0,6,88,149.3886539332954,5.132160020507103,51.56121652041862,31.03257643839021
10650,2,4.36,100,240.0,6,88,149.5497766065216,5.184000020714245,52.52408601943191,31.78808593657493
10651,2,4.36,101,240.0,6,88,149.6789385663929,5.235840020921387,53.51295935578078,32.56959927209523
10652,2,4.36,102,240.0,6,88,149.8137557356164,5.287680021128528,54.51882334822803,33.36810326371392
10653,2,4.36,103,240.0,6,88,149.9538775602631,5.33952002133567,55.54668608070033,34.18860599535765
10654,2,4.36,104,240.0,6,88,150.0994574840136,5.391360021542813,56.5974472433607,35.03200715718946
10655,2,4.36,105,240.0,6,88,150.2505691592436,5.443200021749955,57.67164844820698,35.89884836120716
10656,2,4.36,106,240.0,6,88,150.4073173332407,5.495040021957096,58.55239832897568,36.5722382411473
10657,2,4.36,107,240.0,6,88,150.5233487959632,5.546880022164238,59.67064135077253,37.48312126211557
10658,2,4.36,108,240.0,6,88,150.6930597590423,5.5987200223713804,60.58023527826845,38.18535518878292
10659,2,4.36,109,240.0,6,88,150.8190364431998,5.650560022578523,61.7460338847151,39.14379379440103
10660,2,4.36,110,240.0,6,88,151.0015107150911,5.702400022785665,62.69406223201764,39.88446214087499
10661,2,4.36,111,240.0,6,88,151.1379136759057,5.754240022992806,63.68040633668132,40.66344624471008
10662,2,4.36,112,240.0,6,88,151.2796601322073,5.806080023199948,64.91372304816866,41.68940295536887
10663,2,4.36,113,240.0,6,88,151.4829231317611,5.8579200234070905,65.66405825754067,42.23237816391232
10664,2,4.36,114,240.0,6,88,151.5774051520078,5.909760023614233,66.69392029304427,43.05488019858734
10665,2,4.36,115,240.0,6,88,151.7378492654852,5.961600023821375,67.4579944308062,43.6115943355207
10666,2,4.36,116,240.0,6,88,151.8415702810054,6.013440024028516,68.24195952718061,44.18819943106656
10667,2,4.36,117,240.0,6,88,151.9498889468304,6.065280024235658,68.74770171944144,44.48658162249879
10668,2,4.36,118,240.0,6,88,151.9998928336399,6.117120024442801,69.5380942529925,45.06961415522129
10669,2,4.36,119,240.0,6,88,152.1187524864469,6.168960024649943,70.04282301022674,45.36698291162696
10670,2,4.36,120,240.0,6,88,152.1748683857844,6.220800024857084,70.85443086687333,45.97123076744499
10671,2,4.36,121,240.0,6,88,152.3024523097151,6.272640025064226,71.3705677540004,46.28000765374349
10672,2,4.36,122,240.0,6,88,152.3624101131954,6.324480025271368,72.20416950086204,46.90624939977658
10673,2,4.36,123,240.0,6,88,152.495202586775,6.376320025478511,72.7319061670774,47.22662606516336
10674,2,4.36,124,240.0,6,88,152.5585179755721,6.428160025685653,73.27675677347088,47.56411667072827
10675,2,4.36,125,240.0,6,88,152.6249990592605,6.480000025892794,73.81179121174291,47.89179110817174
10676,2,4.36,126,240.0,6,88,152.6941426748118,6.531840026099936,74.35199063111763,48.22463052671789
10677,2,4.36,127,240.0,6,88,152.7665831042159,6.583680026307079,74.89619713927144,48.56147703404313
10678,2,4.36,128,240.0,6,88,152.8417689407036,6.635520026514221,75.12355837760593,48.58147827154905
10679,2,4.36,129,240.0,6,88,152.8405421014272,6.687360026721362,75.67194213556778,48.92250202868234
10680,2,4.36,130,240.0,6,88,152.9185984104581,6.739200026928504,76.21245964362643,49.25565953591241
10681,2,4.36,131,240.0,6,88,152.9976946391879,6.791040027135646,76.44169640261698,49.27753629407441
10682,2,4.36,132,240.0,6,88,152.998802931569,6.8428800273427886,77.0037318385554,49.63221172918427
10683,2,4.36,133,240.0,6,88,153.0808230494465,6.894720027549931,77.5583271870132,49.97944707681349
10684,2,4.36,134,240.0,6,88,153.1627862140946,6.946560027757072,78.13574573207748,50.34950562104918
10685,2,4.36,135,240.0,6,88,153.2480888751966,6.998400027964214,78.71944576346246,50.7258456516056
11467,3,8.5,3,240.0,6,88,144.1504472480384,0.1555200006214273,0.6361473733800568,0.0140673708943477
11468,3,8.5,4,240.0,6,88,144.1536770710716,0.2073600008285697,0.8608523387241863,0.0314123354099075
11469,3,8.5,5,240.0,6,88,144.2176777596551,0.2592000010357121,1.092526317949968,0.0557263138071191
11470,3,8.5,6,240.0,6,88,144.2214678290607,0.3110400012428545,1.329925156434327,0.0857651514629091
11471,3,8.5,7,240.0,6,88,144.2252136257899,0.362880001449997,1.572021932571102,0.1205019267711142
11472,3,8.5,8,240.0,6,88,144.230620980424,0.4147200016571394,1.817915616368902,0.1590356097403446
11473,3,8.5,9,240.0,6,88,144.2368350894093,0.4665600018642818,2.066774441823279,0.2005344343661517
11474,3,8.5,10,240.0,6,88,144.2437919831607,0.5184000020714241,2.317840488574457,0.2442404802887607
11475,3,8.5,11,240.0,6,88,144.2515154836133,0.5702400022785665,2.570379307080156,0.2894192979658903
11476,3,8.5,12,240.0,6,88,144.2599999804649,0.6220800024857089,2.823705823038269,0.3353858130954331
11477,3,8.5,13,240.0,6,88,144.2692158883371,0.6739200026928513,3.077176026160299,0.3814960153888933
11478,3,8.5,14,240.0,6,88,144.2791200681695,0.7257600028999937,3.330206665811872,0.4271666542118959
11479,3,8.5,15,240.0,6,88,144.289649351025,0.7776000031071361,3.582286220914629,0.4718862084860838
11480,3,8.5,16,240.0,6,88,144.3007261088043,0.8294400033142785,3.832975355074929,0.5152153418178151
11481,3,8.5,17,240.0,6,88,144.3122505598452,0.8812800035214209,4.082012321929719,0.5568923078440363
11482,3,8.5,18,240.0,6,88,144.3240175897119,0.9331200037285632,4.329183768920417,0.5967037540061619
11483,3,8.5,19,240.0,6,88,144.3360720246606,0.9849600039357056,4.574286486095805,0.6344464703529836
11484,3,8.5,20,240.0,6,88,144.3483326505166,1.036800004142848,4.817172405857431,0.6699723892860405
11485,3,8.5,21,240.0,6,88,144.3607333751192,1.08864000434999,5.057670450234938,0.7031104328349757
11486,3,8.5,22,240.0,6,88,144.3748634615939,1.140480004557133,5.295614326562979,0.7336943083344478
11487,3,8.5,23,240.0,6,88,144.3866535150836,1.192320004764275,5.531211946107573,0.7619319270504706
11488,3,8.5,24,240.0,6,88,144.3987272477385,1.244160004971418,5.764478513746965,0.7878384938612945
11489,3,8.5,25,240.0,6,88,144.4109640838914,1.29600000517856,5.995462910896911,0.8114628901826688
11490,3,8.5,26,240.0,6,88,144.4232144295962,1.3478400053857031,6.224211109107772,0.832851087564961
11491,3,8.5,27,240.0,6,88,144.4376581853554,1.3996800055928451,6.450649274535502,0.8519292521641211
11492,3,8.5,28,240.0,6,88,144.4487587938346,1.451520005799988,6.675297780121222,0.8692177569212709
11493,3,8.5,29,240.0,6,88,144.4601965363996,1.50336000600713,6.898080800549537,0.8846407765210155
11494,3,8.5,30,240.0,6,88,144.4718318445373,1.555200006214273,7.11921716693061,0.898417142073518
11495,3,8.5,31,240.0,6,88,144.4834773199541,1.607040006421415,7.338608365619775,0.910448339934113
11496,3,8.5,32,240.0,6,88,144.4968757434885,1.658880006628558,7.556491182872765,0.9209711563585332
11497,3,8.5,33,240.0,6,88,144.5075954123215,1.7107200068357,7.773058238402508,0.9301782110597056
11498,3,8.5,34,240.0,6,88,144.5185512891376,1.762560007042843,7.988145335635684,0.9379053074643116
11499,3,8.5,35,240.0,6,88,144.5316032219625,1.814400007249986,8.203920976533606,0.9463209475336636
11500,3,8.5,36,240.0,6,88,144.5450952503209,1.866240007457128,8.416644052660983,0.9516840228324716
11501,3,8.5,37,240.0,6,88,144.554346207707,1.918080007664271,8.628415363131408,0.9560953324743252
11502,3,8.5,38,240.0,6,88,144.5643096814721,1.9699200078714127,8.843155578466003,0.9634755469803508
11503,3,8.5,39,240.0,6,88,144.5770943810755,2.021760008078556,9.0531134877834,0.9660734554691794
11504,3,8.5,40,240.0,6,88,144.5868207346201,2.0736000082856982,9.262354539568204,0.9679545064254128
11505,3,8.5,41,240.0,6,88,144.5969077456568,2.125440008492841,9.479128994893278,0.9773689609219148
11506,3,8.5,42,240.0,6,88,144.6105870387157,2.177280008699983,9.68707991985583,0.9779598850558964
11507,3,8.5,43,240.0,6,88,144.6200050674675,2.229120008907126,9.894826331900507,0.9783462962720052
11508,3,8.5,44,240.0,6,88,144.6298135149259,2.280960009114268,10.11470910546682,0.9908690690097508
11509,3,8.5,45,240.0,6,88,144.6440936226245,2.332800009321411,10.33602760145265,1.004827564167011
11510,3,8.5,46,240.0,6,88,144.6579566301967,2.384640009528553,10.55875391216568,1.020193874051472
11511,3,8.5,47,240.0,6,88,144.6716434001181,2.436480009735696,10.76634130058655,1.020421261643768
11512,3,8.5,48,240.0,6,88,144.6794400424826,2.488320009942838,10.99069660055001,1.037416560778653
11513,3,8.5,49,240.0,6,88,144.6927398561931,2.5401600101499806,11.21609619226431,1.055456151664391
11514,3,8.5,50,240.0,6,88,144.7068872348504,2.592000010357123,11.4237037386356,1.055703697207103
11515,3,8.5,51,240.0,6,88,144.7148904874562,2.643840010564266,11.65139139845382,1.076031356196762
11516,3,8.5,52,240.0,6,88,144.7291208276891,2.695680010771408,11.90704840619496,1.124328363109327
11517,3,8.5,53,240.0,6,88,144.7502057885508,2.7475200109785507,12.14131620242492,1.151236158510721
11518,3,8.5,54,240.0,6,88,144.763674474167,2.799360011185693,12.37696635335684,1.17952630861406
11519,3,8.5,55,240.0,6,88,144.7769909053664,2.851200011392836,12.64501828914277,1.240218243571426
11520,3,8.5,56,240.0,6,88,144.7978349171748,2.9030400115999777,12.91782283125312,1.305662784853199
11521,3,8.5,57,240.0,6,88,144.8180416925399,2.954880011807121,13.1945983369792,1.375078289750719
11522,3,8.5,58,240.0,6,88,144.8379697340212,3.006720012014263,13.47517578072333,1.44829573266628
11523,3,8.5,59,240.0,6,88,144.8580099017563,3.058560012221406,13.79937151513353,1.565131466247902
11524,3,8.5,60,240.0,6,88,144.8864514189429,3.110400012428549,14.13021949612048,1.688619446406283
11525,3,8.5,61,240.0,6,88,144.9143321752107,3.162240012635691,14.4673397807453,1.818379730202531
11526,3,8.5,62,240.0,6,88,144.9420760228742,3.214080012842834,14.85695498955399,2.00063493818265
11527,3,8.5,63,240.0,6,88,144.9795999268395,3.265920013049976,15.25592161303908,2.192241560839172
11528,3,8.5,64,240.0,6,88,145.0165879616529,3.3177600132571192,15.71421123339171,2.443171180363243
11529,3,8.5,65,240.0,6,88,145.0637921620885,3.369600013464261,16.13248403898379,2.654083985126745
11530,3,8.5,66,240.0,6,88,145.1011433449909,3.421440013671404,16.55980562096686,2.874045566281244
11531,3,8.5,67,240.0,6,88,145.1390143907087,3.4732800138785462,17.05224982255994,3.159129767045756
11532,3,8.5,68,240.0,6,88,145.1890826712922,3.5251200140856893,17.49841227692545,3.397932220582697
11533,3,8.5,69,240.0,6,88,145.2288316383085,3.576960014292831,18.01484393451944,3.70700387734812
11534,3,8.5,70,240.0,6,88,145.2815767195188,3.628800014499974,18.54444498100116,4.029244923001263
11535,3,8.5,71,240.0,6,88,145.3347623687769,3.680640014707116,19.15216241188354,4.429602353055074
11536,3,8.5,72,240.0,6,88,145.4006301479598,3.7324800149142594,19.77695839472827,4.847038335071233
11537,3,8.5,73,240.0,6,88,145.4680243165988,3.784320015121401,20.41829356046564,5.281013499980024
11538,3,8.5,74,240.0,6,88,145.5369496678754,3.836160015328544,21.07699776650297,5.732357705188796
11539,3,8.5,75,240.0,6,88,145.6077609278886,3.888000015535686,21.67599917815683,6.123999116014089
11540,3,8.5,76,240.0,6,88,145.6658853462012,3.9398400157428286,22.36596531906259,6.606605256091272
11541,3,8.5,77,240.0,6,88,145.7405324165167,3.991680015949971,22.99104414926817,7.024324085468284
11542,3,8.5,78,240.0,6,88,145.8035783524153,4.043520016157114,23.62995301244204,7.455872947813583
11543,3,8.5,79,240.0,6,88,145.8694570409826,4.095360016364256,24.28290507909136,7.90146501363433
11544,3,8.5,80,240.0,6,88,145.9382855399943,4.147200016571399,24.95019674680712,8.361396680521521
11545,3,8.5,81,240.0,6,88,146.0095479263738,4.19904001677854,25.63274613860813,8.836586071493954
11546,3,8.5,82,240.0,6,88,146.0826975349383,4.250880016985684,26.33003392341604,9.326513855473303
11547,3,8.5,83,240.0,6,88,146.1577173741172,4.302720017192826,27.14127489485332,9.930394826082011
11548,3,8.5,84,240.0,6,88,146.2532728907029,4.354560017399969,27.8710887176464,10.45284864804652
11549,3,8.5,85,240.0,6,88,146.3328832419479,4.406400017607111,28.61787724437864,10.99227717395019
11550,3,8.5,86,240.0,6,88,146.4148070852107,4.458240017814254,29.48758386389308,11.65462379263606
11551,3,8.5,87,240.0,6,88,146.5194996816731,4.510080018021397,30.26853307652956,12.22821300444398
11552,3,8.5,88,240.0,6,88,146.6073113064402,4.561920018228539,30.95236851849795,12.70468844558379
11553,3,8.5,89,240.0,6,88,146.6777790655307,4.613760018435682,31.64716101423353,13.1921209404908
11554,3,8.5,90,240.0,6,88,146.7515953663937,4.665600018642824,32.35415515900794,13.69175508443664
11555,3,8.5,91,240.0,6,88,146.8285187357612,4.717440018849967,33.19833060508886,14.32857052968899
11556,3,8.5,92,240.0,6,88,146.9311780190607,4.769280019057109,33.93478025863917,14.85766018241073
11557,3,8.5,93,240.0,6,88,147.0129995790035,4.82112001926425,34.81736761594117,15.53288753888416
11558,3,8.5,94,240.0,6,88,147.1212728905037,4.8729600194713925,35.71950078922708,16.22766071134151
11559,3,8.5,95,240.0,6,88,147.2333942899744,4.924800019678535,36.50536092115026,16.80616084243611
11560,3,8.5,96,240.0,6,88,147.3227478538094,4.976640019885677,37.30562539906264,17.39906531951993
11561,3,8.5,97,240.0,6,88,147.414889198238,5.028480020092818,38.26567680333302,18.15175672296174
11562,3,8.5,98,240.0,6,88,147.5378011558033,5.08032002029996,39.09796532337131,18.77668524217147
11563,3,8.5,99,240.0,6,88,147.6367484863057,5.132160020507103,39.79447428902538,19.26583420699696
11564,3,8.5,100,240.0,6,88,147.7104184823599,5.184000020714245,40.65565977966341,19.91965969680644
11565,3,8.5,101,240.0,6,88,147.8170215659952,5.235840020921387,41.37095746522219,20.42759738153665
11566,3,8.5,102,240.0,6,88,147.8967578019114,5.287680021128528,42.26485623604877,21.11413615153466
11567,3,8.5,103,240.0,6,88,148.0101056843465,5.33952002133567,43.17483646617332,21.81675638083064
11568,3,8.5,104,240.0,6,88,148.1264996665269,5.391360021542813,44.1060513452727,22.54061125910146
11569,3,8.5,105,240.0,6,88,148.2459139651655,5.443200021749955,45.05650106871741,23.2837009817176
11570,3,8.5,106,240.0,6,88,148.3688217492054,5.495040021957096,45.84201498108484,23.86185489325645
11571,3,8.5,107,240.0,6,88,148.461089775471,5.546880022164238,46.64062811562434,24.45310802696738
11572,3,8.5,108,240.0,6,88,148.5572921846961,5.5987200223713804,47.44806308280013,25.05318299331461
11573,3,8.5,109,240.0,6,88,148.6567989847249,5.650560022578523,48.26880531117646,25.66656522086237
11574,3,8.5,110,240.0,6,88,148.7594099067793,5.702400022785665,49.30417293816021,26.49457284701755
11575,3,8.5,111,240.0,6,88,148.9039743466723,5.754240022992806,50.15678770459559,27.13982761262437
11576,3,8.5,112,240.0,6,88,149.0122830349289,5.806080023199948,51.23820692983318,28.01388683703338
11577,3,8.5,113,240.0,6,88,149.1650726157877,5.8579200234070905,52.12317963543676,28.6914995418084
11578,3,8.5,114,240.0,6,88,149.2797353897419,5.909760023614233,53.02739012712945,29.3883500326725
11579,3,8.5,115,240.0,6,88,149.3977994742878,5.961600023821375,54.16788963295375,30.32148953766824
11580,3,8.5,116,240.0,6,88,149.5651786609545,6.013440024028516,55.10268713510342,31.04892703898935
11581,3,8.5,117,240.0,6,88,149.6911960514654,6.065280024235658,55.82225339042434,31.56113329348171
11582,3,8.5,118,240.0,6,88,149.7734268926534,6.117120024442801,56.78482532980382,32.31634523203263
11583,3,8.5,119,240.0,6,88,149.9074446376542,6.168960024649943,57.7582419622025,33.08240186360274
11584,3,8.5,120,240.0,6,88,150.0457953134468,6.220800024857084,58.75594737704238,33.87274727761404
11585,3,8.5,121,240.0,6,88,150.1888252773012,6.272640025064226,59.77171333173082,34.68115323147393
11586,3,8.5,122,240.0,6,88,150.3360788451441,6.324480025271368,60.54439825994793,35.24647815886245
11587,3,8.5,123,240.0,6,88,150.4323934032104,6.376320025478511,61.59347316342343,36.08819306150938
11588,3,8.5,124,240.0,6,88,150.5870398614758,6.428160025685653,62.65406725416693,36.94142715142431
11589,3,8.5,125,240.0,6,88,150.746035043898,6.480000025892794,63.74244152886893,37.82244142529774
11590,3,8.5,126,240.0,6,88,150.9102466474217,6.531840026099936,64.85209624097939,38.72473613657965
11591,3,8.5,127,240.0,6,88,151.0797831124706,6.583680026307079,65.6900264981054,39.35530639287708
11592,3,8.5,128,240.0,6,88,151.1913939750342,6.635520026514221,66.54102872024123,39.99894861418436
11593,3,8.5,129,240.0,6,88,151.307303883525,6.687360026721362,67.69382345323584,40.94438334635041
11594,3,8.5,130,240.0,6,88,151.493786045188,6.739200026928504,68.55898819421905,41.60218808650504
11595,3,8.5,131,240.0,6,88,151.6183800533236,6.791040027135646,69.44664899064226,42.28248888209967
11596,3,8.5,132,240.0,6,88,151.7469726723999,6.8428800273427886,70.65889059208035,43.28737048270921
11597,3,8.5,133,240.0,6,88,151.9500966164637,6.894720027549931,71.5668673648284,43.98798725462867
11598,3,8.5,134,240.0,6,88,152.0844981639125,6.946560027757072,72.49931932455448,44.71307921352617
11599,3,8.5,135,240.0,6,88,152.2231303978898,6.998400027964214,73.43164452536503,45.43804441350818
12381,4,17.0,3,240.0,6,88,144.1492928715706,0.1555200006214273,0.6252225387945145,0.0031425363088053
12382,4,17.0,4,240.0,6,88,144.1509493455781,0.2073600008285697,0.8365760998373325,0.0071360965230536
12383,4,17.0,5,240.0,6,88,144.212845884127,0.2592000010357121,1.049760731542269,0.012960727399421
12384,4,17.0,6,240.0,6,88,144.2139726520246,0.3110400012428545,1.264551704179082,0.0203916992076635
12385,4,17.0,7,240.0,6,88,144.2146046546621,0.362880001449997,1.480718608291108,0.0291986024911204
12386,4,17.0,8,240.0,6,88,144.2165298289221,0.4147200016571394,1.698032563910529,0.0391525572819717
12387,4,17.0,9,240.0,6,88,144.2189695110158,0.4665600018642818,1.916270132230098,0.0500301247729707
12388,4,17.0,10,240.0,6,88,144.2219288891304,0.5184000020714241,2.135220226436907,0.0616202181512109
12389,4,17.0,11,240.0,6,88,144.2255155530725,0.5702400022785665,2.354674178044386,0.0737141689301201
12390,4,17.0,12,240.0,6,88,144.2297913995922,0.6220800024857089,2.574435373452117,0.0861153635092809
12391,4,17.0,13,240.0,6,88,144.2347917803239,0.6739200026928513,2.794316782393149,0.0986367716217436
12392,4,17.0,14,240.0,6,88,144.2405315792457,0.7257600028999937,3.014147631065184,0.1111076194652088
12393,4,17.0,15,240.0,6,88,144.2469965182224,0.7776000031071361,3.233785511530481,0.1233854991019363
12394,4,17.0,16,240.0,6,88,144.2541478352888,0.8294400033142785,3.453085995775105,0.1353259825179912
12395,4,17.0,17,240.0,6,88,144.2618438066638,0.8812800035214209,3.671984733053695,0.1468647189680117
12396,4,17.0,18,240.0,6,88,144.2700273034063,0.9331200037285632,3.890417823731229,0.1579378088169759
12397,4,17.0,19,240.0,6,88,144.2804280911182,0.9849600039357056,4.108242260877595,0.1684022451347723
12398,4,17.0,20,240.0,6,88,144.2887689723116,1.036800004142848,4.325509768523447,0.1783097519520539
12399,4,17.0,21,240.0,6,88,144.2978034532005,1.08864000434999,4.542186998069639,0.1876269806696774
12400,4,17.0,22,240.0,6,88,144.3073627748401,1.140480004557133,4.758263630785398,0.1963436125568659
12401,4,17.0,23,240.0,6,88,144.3172516818298,1.192320004764275,4.973732619452769,0.2044526003956674
12402,4,17.0,24,240.0,6,88,144.3273870620976,1.244160004971418,5.188597289139579,0.2119572692539067
12403,4,17.0,25,240.0,6,88,144.3377085752152,1.29600000517856,5.402816222751659,0.2188162020374176
12404,4,17.0,26,240.0,6,88,144.3496270871146,1.3478400053857031,5.616429036888503,0.2250690153456914
12405,4,17.0,27,240.0,6,88,144.3595879326002,1.3996800055928451,5.829492074399683,0.2307720520283014
12406,4,17.0,28,240.0,6,88,144.3698865366025,1.451520005799988,6.042024477720229,0.2359444545202781
12407,4,17.0,29,240.0,6,88,144.3804306678995,1.50336000600713,6.253983012156905,0.2405429881283833
12408,4,17.0,30,240.0,6,88,144.3925521679085,1.555200006214273,6.465457269167109,0.2446572443100162
12409,4,17.0,31,240.0,6,88,144.4026527718045,1.607040006421415,6.676484909873636,0.2483248841879746
12410,4,17.0,32,240.0,6,88,144.4130644784385,1.658880006628558,6.887093406873269,0.2515733803590378
12411,4,17.0,33,240.0,6,88,144.4236774456573,1.7107200068357,7.09730868704173,0.2544286596989281
12412,4,17.0,34,240.0,6,88,144.4343673500735,1.762560007042843,7.307153300636438,0.2569132724650654
12413,4,17.0,35,240.0,6,88,144.4450973036772,1.814400007249986,7.518566193352627,0.2609661643526845
12414,4,17.0,36,240.0,6,88,144.4587078456464,1.866240007457128,7.727708602284481,0.2627485724559669
12415,4,17.0,37,240.0,6,88,144.4683110972911,1.918080007664271,7.936538924629623,0.2642188939725419
12416,4,17.0,38,240.0,6,88,144.4783599306828,1.9699200078714127,8.145085248707993,0.2654052172223395
12417,4,17.0,39,240.0,6,88,144.4887569652873,2.021760008078556,8.359225792220835,0.2721857599066136
12418,4,17.0,40,240.0,6,88,144.5022455982025,2.0736000082856982,8.56730404249363,0.2729040093508375
12419,4,17.0,41,240.0,6,88,144.5118704824755,2.125440008492841,8.775145040137067,0.2733850061657055
12420,4,17.0,42,240.0,6,88,144.5218939739391,2.177280008699983,8.982851697065271,0.2737316622653388
12421,4,17.0,43,240.0,6,88,144.5322063790193,2.229120008907126,9.20151131070166,0.2850312750731585
12422,4,17.0,44,240.0,6,88,144.5461305923213,2.280960009114268,9.409202989372504,0.2853629529154318
12423,4,17.0,45,240.0,6,88,144.5557448727806,2.332800009321411,9.631549756701167,0.3003497194155264
12424,4,17.0,46,240.0,6,88,144.5711139033902,2.384640009528553,9.83921379283558,0.3006537547213659
12425,4,17.0,47,240.0,6,88,144.5798972473056,2.436480009735696,10.04680094801771,0.3008809090749289
12426,4,17.0,48,240.0,6,88,144.5893243538364,2.488320009942838,10.27249092891233,0.3192108891409749
12427,4,17.0,49,240.0,6,88,144.6038543185596,2.5401600101499806,10.48010507697375,0.3194650363738242
12428,4,17.0,50,240.0,6,88,144.6131402619318,2.592000010357123,10.7087984681845,0.3407984267560094
12429,4,17.0,51,240.0,6,88,144.6277708332659,2.643840010564266,10.94047693791894,0.3651168956618779
12430,4,17.0,52,240.0,6,88,144.6434938969373,2.695680010771408,11.148190951058,0.3654709079723616
12431,4,17.0,53,240.0,6,88,144.6518262014207,2.7475200109785507,11.38254998135747,0.3924699374432659
12432,4,17.0,54,240.0,6,88,144.6666473778865,2.799360011185693,11.61899464817053,0.4215546034277535
12433,4,17.0,55,240.0,6,88,144.6816963789111,2.851200011392836,11.85767506978733,0.4528750242159858
12434,4,17.0,56,240.0,6,88,144.6968316350882,2.9030400115999777,12.09832368873526,0.4861636423353412
12435,4,17.0,57,240.0,6,88,144.7117683325154,2.954880011807121,12.34074367788037,0.5212236306518855
12436,4,17.0,58,240.0,6,88,144.7266751548654,3.006720012014263,12.62284271129758,0.595962663240524
12437,4,17.0,59,240.0,6,88,144.7499829490687,3.058560012221406,12.87065584553972,0.6364157966540942
12438,4,17.0,60,240.0,6,88,144.7647006095499,3.110400012428549,13.16144739355549,0.7198473438412973
12439,4,17.0,61,240.0,6,88,144.7873749409794,3.162240012635691,13.45673984218429,0.8077797916415226
12440,4,17.0,62,240.0,6,88,144.8101730187759,3.214080012842834,13.80253147118184,0.9462114198105066
12441,4,17.0,63,240.0,6,88,144.8426694982848,3.265920013049976,14.10837207583771,1.044692023637805
12442,4,17.0,64,240.0,6,88,144.8650391853711,3.3177600132571192,14.46794744325372,1.196907390225237
12443,4,17.0,65,240.0,6,88,144.8973108733479,3.369600013464261,14.78260204841334,1.304201994556295
12444,4,17.0,66,240.0,6,88,144.9196845896218,3.421440013671404,15.15476859730524,1.469008542619627
12445,4,17.0,67,240.0,6,88,144.9527088488705,3.4732800138785462,15.5342929324953,1.641172876981117
12446,4,17.0,68,240.0,6,88,144.9866660994919,3.5251200140856893,15.86290327182412,1.762423215481366
12447,4,17.0,69,240.0,6,88,145.0098182186186,3.576960014292831,16.25501572580302,1.947175668631697
12448,4,17.0,70,240.0,6,88,145.0448581277877,3.628800014499974,16.71690893014679,2.201708872146896
12449,4,17.0,71,240.0,6,88,145.0922644210424,3.680640014707116,17.12555784631081,2.402997787482338
12450,4,17.0,72,240.0,6,88,145.1276299237612,3.7324800149142594,17.60753618137211,2.677616121715072
12451,4,17.0,73,240.0,6,88,145.1759078057499,3.784320015121401,18.03129061583021,2.894010555344605
12452,4,17.0,74,240.0,6,88,145.2122847301222,3.836160015328544,18.53293544243381,3.188295381119638
12453,4,17.0,75,240.0,6,88,145.2625705075891,3.888000015535686,18.971561908888,3.419561846745251
12454,4,17.0,76,240.0,6,88,145.3004266120591,3.9398400157428286,19.49249157390224,3.733131510930925
12455,4,17.0,77,240.0,6,88,145.3530694744469,3.991680015949971,19.9454279575404,3.978707893740511
12456,4,17.0,78,240.0,6,88,145.3930756119758,4.043520016157114,20.40538148531436,4.231301420685905
12457,4,17.0,79,240.0,6,88,145.4341344594371,4.095360016364256,20.87248332806494,4.491043262607914
12458,4,17.0,80,240.0,6,88,145.4765841872769,4.147200016571399,21.34644813224295,4.757648065957356
12459,4,17.0,81,240.0,6,88,145.5200671761185,4.19904001677854,21.91536928468208,5.11920921756792
12460,4,17.0,82,240.0,6,88,145.5799760119871,4.250880016985684,22.49613499591894,5.492614927976203
12461,4,17.0,83,240.0,6,88,145.641408462566,4.302720017192826,22.99712871717256,5.786248648401255
12462,4,17.0,84,240.0,6,88,145.6872668739521,4.354560017399969,23.50412226408446,6.085882194484583
12463,4,17.0,85,240.0,6,88,145.7340810364449,4.406400017607111,24.11603085314355,6.4904307827151
12464,4,17.0,86,240.0,6,88,145.7998583142228,4.458240017814254,24.64005292234102,6.807092851084
12465,4,17.0,87,240.0,6,88,145.8495687303885,4.510080018021397,25.17169140846697,7.131371336381386
12466,4,17.0,88,240.0,6,88,145.9002612704516,4.561920018228539,25.70992016638593,7.462240093471781
12467,4,17.0,89,240.0,6,88,145.9528730289675,4.613760018435682,26.25620493268174,7.80116485893901
12468,4,17.0,90,240.0,6,88,146.007209323515,4.665600018642824,26.81165266274689,8.149252588175594
12469,4,17.0,91,240.0,6,88,146.0632330193468,4.717440018849967,27.37591623520827,8.506156159808404
12470,4,17.0,92,240.0,6,88,146.1207071294865,4.769280019057109,27.94895685967769,8.871836783449256
12471,4,17.0,93,240.0,6,88,146.1791440201507,4.82112001926425,28.53102011147925,9.246540034422248
12472,4,17.0,94,240.0,6,88,146.2386958060143,4.8729600194713925,29.12205059024511,9.63021051235954
12473,4,17.0,95,240.0,6,88,146.2994350565226,4.924800019678535,29.84706355106079,10.14786347234664
12474,4,17.0,96,240.0,6,88,146.3836957397124,4.976640019885677,30.45856047983132,10.5520004002886
12475,4,17.0,97,240.0,6,88,146.4473898912669,5.028480020092818,31.08030711784617,10.9663870374749
12476,4,17.0,98,240.0,6,88,146.5122683808397,5.08032002029996,31.71033776808122,11.38905768688138
12477,4,17.0,99,240.0,6,88,146.5790181648792,5.132160020507103,32.35016961509739,11.82152953306897
12478,4,17.0,100,240.0,6,88,146.6481436916391,5.184000020714245,32.85900571069499,12.12300562783801
12479,4,17.0,101,240.0,6,88,146.6939652766339,5.235840020921387,33.51624892204513,12.57288883835957
12480,4,17.0,102,240.0,6,88,146.7664495961521,5.287680021128528,34.18348236386036,13.03276227934623
12481,4,17.0,103,240.0,6,88,146.8411167310472,5.33952002133567,34.86270341009261,13.50462332474993
12482,4,17.0,104,240.0,6,88,146.9169298008194,5.391360021542813,35.55302233304855,13.9875822468773
12483,4,17.0,105,240.0,6,88,146.9943350827695,5.443200021749955,36.25449082949608,14.48169074249626
12484,4,17.0,106,240.0,6,88,147.0735206547548,5.495040021957096,36.80547743000528,14.8253173421769
12485,4,17.0,107,240.0,6,88,147.1262622303083,5.546880022164238,37.52621881565554,15.33869872699858
12486,4,17.0,108,240.0,6,88,147.2103942353623,5.5987200223713804,38.08976102531136,15.69488093582584
12487,4,17.0,109,240.0,6,88,147.2668309764164,5.650560022578523,38.66075757178165,16.05851748146756
12488,4,17.0,110,240.0,6,88,147.3244200518635,5.702400022785665,39.41061699548432,16.60101690434165
12489,4,17.0,111,240.0,6,88,147.4141543047054,5.754240022992806,40.1728861984765,17.15592610650528
12490,4,17.0,112,240.0,6,88,147.5056879347352,5.806080023199948,40.95053438349353,17.72621429069373
12491,4,17.0,113,240.0,6,88,147.5991143631855,5.8579200234070905,41.74038677765473,18.30870668402637
12492,4,17.0,114,240.0,6,88,147.6946777699805,5.909760023614233,42.3543759598191,18.71533586536217
12493,4,17.0,115,240.0,6,88,147.7578048446493,5.961600023821375,43.16783476762252,19.32143467233703
12494,4,17.0,116,240.0,6,88,147.8572169280688,6.013440024028516,43.99185174013149,19.93809164401743
12495,4,17.0,117,240.0,6,88,147.9594455518106,6.065280024235658,44.62971054832224,20.36859045137961
12496,4,17.0,118,240.0,6,88,148.0277222587484,6.117120024442801,45.27532942130075,20.80684932352955
12497,4,17.0,119,240.0,6,88,148.0982051854854,6.168960024649943,46.13384732289903,21.45800722429926
12498,4,17.0,120,240.0,6,88,148.2094764114203,6.220800024857084,46.79508560281832,21.91188550338997
12499,4,17.0,121,240.0,6,88,148.2840353762392,6.272640025064226,47.68377388967471,22.59321378941781
12500,4,17.0,122,240.0,6,88,148.4000793855245,6.324480025271368,48.36361818957764,23.06569808849217
12501,4,17.0,123,240.0,6,88,148.4771080178501,6.376320025478511,49.28073145172409,23.77545134981006
12502,4,17.0,124,240.0,6,88,148.5978704508924,6.428160025685653,49.97950729971343,24.26686719697082
12503,4,17.0,125,240.0,6,88,148.6782215220795,6.480000025892794,50.92493312130934,25.00493301773816
12504,4,17.0,126,240.0,6,88,148.8042183911687,6.531840026099936,51.88388701780274,25.75652691340299
12505,4,17.0,127,240.0,6,88,148.9342045246478,6.583680026307079,52.61783564791541,26.2831155426871
12506,4,17.0,128,240.0,6,88,149.0203323192754,6.635520026514221,53.35903283020331,26.81695272414642
12507,4,17.0,129,240.0,6,88,149.1091902909079,6.687360026721362,54.10616301367162,27.35672290678617
12508,4,17.0,130,240.0,6,88,149.2010542968724,6.739200026928504,54.8613046136641,27.90450450595008
12509,4,17.0,131,240.0,6,88,149.2950787430665,6.791040027135646,55.62566483766982,28.46150472912723
12510,4,17.0,132,240.0,6,88,149.3913159406943,6.8428800273427886,56.66927979814314,29.29775968877199
12511,4,17.0,133,240.0,6,88,149.5421638638329,6.894720027549931,57.4585256600131,29.87964554981338
12512,4,17.0,134,240.0,6,88,149.6431554262778,6.946560027757072,58.26340154584345,30.47716143481517
12513,4,17.0,135,240.0,6,88,149.7462390090992,6.998400027964214,59.07287445844934,31.07927434659248
13295,5,34.0,3,240.0,6,88,144.149880056002,0.1555200006214273,0.6317649941760591,0.0096849916903499
13296,5,34.0,4,240.0,6,88,144.1518761666527,0.2073600008285697,0.8459142120173341,0.0164742087030553
13297,5,34.0,5,240.0,6,88,144.2140284783776,0.2592000010357121,1.061210648143079,0.0244106440002306
13298,5,34.0,6,240.0,6,88,144.2153312398182,0.3110400012428545,1.277214773980975,0.0330547690095571
13299,5,34.0,7,240.0,6,88,144.216045892937,0.362880001449997,1.493728262069207,0.0422082562692191
13300,5,34.0,8,240.0,6,88,144.2179633174036,0.4147200016571394,1.71062192639245,0.0517419197638923
13301,5,34.0,9,240.0,6,88,144.2203133615488,0.4665600018642818,1.927789350987033,0.0615493435299065
13302,5,34.0,10,240.0,6,88,144.2231151264641,0.5184000020714241,2.145145416912319,0.0715454086266226
13303,5,34.0,11,240.0,6,88,144.2264903328169,0.5702400022785665,2.362606434317805,0.0816464252035387
13304,5,34.0,12,240.0,6,88,144.2312059134982,0.6220800024857089,2.580103346376585,0.09178333643375
13305,5,34.0,13,240.0,6,88,144.235707313877,0.6739200026928513,2.797586529701463,0.1019065189300577
13306,5,34.0,14,240.0,6,88,144.2410504952443,0.7257600028999937,3.015002529707472,0.1119625181074969
13307,5,34.0,15,240.0,6,88,144.2471996408402,0.7776000031071361,3.23230803018142,0.1219080177528756
13308,5,34.0,16,240.0,6,88,144.2540835980854,0.8294400033142785,3.449467520862263,0.1317075076051491
13309,5,34.0,17,240.0,6,88,144.2615382143071,0.8812800035214209,3.666458525967971,0.1413385118822883
13310,5,34.0,18,240.0,6,88,144.2695400032956,0.9331200037285632,3.883257169944198,0.1507771550299444
13311,5,34.0,19,240.0,6,88,144.2780701656777,0.9849600039357056,4.099851141751945,0.1600111260091217
13312,5,34.0,20,240.0,6,88,144.287058190327,1.036800004142848,4.316219690288388,0.1690196737169967
13313,5,34.0,21,240.0,6,88,144.2964460701285,1.08864000434999,4.532367121251842,0.1778071038518798
13314,5,34.0,22,240.0,6,88,144.3080989541415,1.140480004557133,4.748255111698548,0.1863350934700162
13315,5,34.0,23,240.0,6,88,144.3172995440591,1.192320004764275,4.963910648452869,0.1946306293957683
13316,5,34.0,24,240.0,6,88,144.3271134703961,1.244160004971418,5.179333176255517,0.2026931563698452
13317,5,34.0,25,240.0,6,88,144.3373792262184,1.29600000517856,5.394532080256853,0.2105320595426104
13318,5,34.0,26,240.0,6,88,144.3479237961359,1.3478400053857031,5.609501238692792,0.2181412171499796
13319,5,34.0,27,240.0,6,88,144.3586571866078,1.3996800055928451,5.824257427175878,0.2255374048044967
13320,5,34.0,28,240.0,6,88,144.3695277994598,1.451520005799988,6.038799539724833,0.2327195165248813
13321,5,34.0,29,240.0,6,88,144.3805056014896,1.50336000600713,6.25313864709048,0.2396986230619571
13322,5,34.0,30,240.0,6,88,144.3915745672047,1.555200006214273,6.467248444356826,0.2464484194997338
13323,5,34.0,31,240.0,6,88,144.4027029066216,1.607040006421415,6.681128349348503,0.2529683236628425
13324,5,34.0,32,240.0,6,88,144.4154683106605,1.658880006628558,6.894783808371232,0.2592637818570001
13325,5,34.0,33,240.0,6,88,144.4260191455397,1.7107200068357,7.108250120423398,0.2653700930805973
13326,5,34.0,34,240.0,6,88,144.4368876000761,1.762560007042843,7.321527163350368,0.2712871351789969
13327,5,34.0,35,240.0,6,88,144.4479829612675,1.814400007249986,7.534638739220655,0.2770387102207132
13328,5,34.0,36,240.0,6,88,144.4591833072581,1.866240007457128,7.747582512510063,0.2826224826815528
13329,5,34.0,37,240.0,6,88,144.4704175302367,1.918080007664271,7.960368940710251,0.2880489100531703
13330,5,34.0,38,240.0,6,88,144.4816723355715,1.9699200078714127,8.173022335272623,0.2933423037869701
13331,5,34.0,39,240.0,6,88,144.4929528945456,2.021760008078556,8.391678581827918,0.3046385495136947
13332,5,34.0,40,240.0,6,88,144.5074095261892,2.0736000082856982,8.604157400338066,0.309757367195275
13333,5,34.0,41,240.0,6,88,144.5176626575293,2.125440008492841,8.816492003866033,0.3147319698946701
13334,5,34.0,42,240.0,6,88,144.5283163072879,2.177280008699983,9.028659360430002,0.3195393256300691
13335,5,34.0,43,240.0,6,88,144.5392729810298,2.229120008907126,9.240730035873243,0.3242500002447425
13336,5,34.0,44,240.0,6,88,144.5503538209541,2.280960009114268,9.466334349838958,0.3424943133818837
13337,5,34.0,45,240.0,6,88,144.565934247618,2.332800009321411,9.678498753029336,0.3472987157436931
13338,5,34.0,46,240.0,6,88,144.5759654711986,2.384640009528553,9.89045935961205,0.3518993214978364
13339,5,34.0,47,240.0,6,88,144.5864118267962,2.436480009735696,10.10221356152418,0.3562935225813993
13340,5,34.0,48,240.0,6,88,144.5972051931352,2.488320009942838,10.33443792553485,0.3811578857634932
13341,5,34.0,49,240.0,6,88,144.6138680815168,2.5401600101499806,10.54648199459063,0.3858419539907046
13342,5,34.0,50,240.0,6,88,144.6236117885195,2.592000010357123,10.75828763109096,0.390287589662471
13343,5,34.0,51,240.0,6,88,144.6338351986653,2.643840010564266,10.99535616367632,0.4199961214192587
13344,5,34.0,52,240.0,6,88,144.6503825162744,2.695680010771408,11.20743828646698,0.4247182433813492
13345,5,34.0,53,240.0,6,88,144.6601637476697,2.7475200109785507,11.4487183544497,0.4586383105354974
13346,5,34.0,54,240.0,6,88,144.6777339658402,2.799360011185693,11.66111986883416,0.4636798240913861
13347,5,34.0,55,240.0,6,88,144.6868997136892,2.851200011392836,11.9057974511719,0.5009974056005595
13348,5,34.0,56,240.0,6,88,144.7037998928765,2.9030400115999777,12.11829476177046,0.5061347153705478
13349,5,34.0,57,240.0,6,88,144.7130957396942,2.954880011807121,12.36621130632,0.5466912590915131
13350,5,34.0,58,240.0,6,88,144.7298470750488,3.006720012014263,12.61694741984202,0.5900673717849702
13351,5,34.0,59,240.0,6,88,144.747436982366,3.058560012221406,12.87036697889031,0.6361269300046891
13352,5,34.0,60,240.0,6,88,144.7646368730626,3.110400012428549,13.12599006890648,0.6843900191922894
13353,5,34.0,61,240.0,6,88,144.7814630279997,3.162240012635691,13.38356957144494,0.7346095209021722
13354,5,34.0,62,240.0,6,88,144.7981809725183,3.214080012842834,13.64343925619798,0.7871192048266475
13355,5,34.0,63,240.0,6,88,144.8150121869487,3.265920013049976,13.90538677162658,0.84170671942668
13356,5,34.0,64,240.0,6,88,144.8319770036026,3.3177600132571192,14.21891327995305,0.947873226924578
13357,5,34.0,65,240.0,6,88,144.8586213534344,3.369600013464261,14.48587346146438,1.007473407607337
13358,5,34.0,66,240.0,6,88,144.8753119011253,3.421440013671404,14.80828409676928,1.12252404208366
13359,5,34.0,67,240.0,6,88,144.9024988404622,3.4732800138785462,15.08053207560329,1.187412020089102
13360,5,34.0,68,240.0,6,88,144.9194151895409,3.5251200140856893,15.41140901322607,1.31092895688331
13361,5,34.0,69,240.0,6,88,144.9474681959406,3.576960014292831,15.74776315468475,1.43992309751342
13362,5,34.0,70,240.0,6,88,144.9757683985023,3.628800014499974,16.0897329486493,1.574532890649406
13363,5,34.0,71,240.0,6,88,145.0040942414227,3.680640014707116,16.37296314099733,1.65040308216886
13364,5,34.0,72,240.0,6,88,145.0205211287874,3.7324800149142594,16.72270551870927,1.792785459052236
13365,5,34.0,73,240.0,6,88,145.049179015809,3.784320015121401,17.07683066228853,1.939550601802929
13366,5,34.0,74,240.0,6,88,145.0784669585751,3.836160015328544,17.43624852783836,2.091608466524181
13367,5,34.0,75,240.0,6,88,145.1083278202284,3.888000015535686,17.79998668545694,2.247986623314196
13368,5,34.0,76,240.0,6,88,145.1387702694083,3.9398400157428286,18.16881466500645,2.409454602035133
13369,5,34.0,77,240.0,6,88,145.1699297064232,3.991680015949971,18.54139218567351,2.574672121873617
13370,5,34.0,78,240.0,6,88,145.201619628717,4.043520016157114,18.84063114654119,2.666551081912732
13371,5,34.0,79,240.0,6,88,145.2195562670329,4.095360016364256,19.30145328811726,2.920013222660231
13372,5,34.0,80,240.0,6,88,145.2662918855816,4.147200016571399,19.68846195726935,3.09966189098376
13373,5,34.0,81,240.0,6,88,145.2993511011779,4.19904001677854,20.08091082953643,3.284750762422265
13374,5,34.0,82,240.0,6,88,145.3325719393787,4.250880016985684,20.47784020950304,3.474320141560298
13375,5,34.0,83,240.0,6,88,145.3665099592654,4.302720017192826,20.87988047859131,3.66900040982001
13376,5,34.0,84,240.0,6,88,145.4010704031778,4.354560017399969,21.28550194077087,3.867261871170998
13377,5,34.0,85,240.0,6,88,145.4360631627793,4.406400017607111,21.69640761108164,4.070807540653195
13378,5,34.0,86,240.0,6,88,145.4717587586584,4.458240017814254,22.11180464182426,4.278844570567243
13379,5,34.0,87,240.0,6,88,145.5080293040183,4.510080018021397,22.53169187402068,4.49137180193509
13380,5,34.0,88,240.0,6,88,145.5449526621044,4.561920018228539,22.95563920435923,4.707959131445073
13381,5,34.0,89,240.0,6,88,145.582915456636,4.613760018435682,23.28171697248631,4.82667689874358
13382,5,34.0,90,240.0,6,88,145.6038395183842,4.665600018642824,23.7143677176386,5.051967643067302
13383,5,34.0,91,240.0,6,88,145.6432780493314,4.717440018849967,24.15193930541876,5.282179230018892
13384,5,34.0,92,240.0,6,88,145.6838828826639,4.769280019057109,24.59493817364974,5.517818097421306
13385,5,34.0,93,240.0,6,88,145.7250947286236,4.82112001926425,25.04339273097958,5.75891265392257
13386,5,34.0,94,240.0,6,88,145.7668623127931,4.8729600194713925,25.50041066652238,6.008570588636813
13387,5,34.0,95,240.0,6,88,145.8092100941826,4.924800019678535,25.96050355053683,6.261303471822692
13388,5,34.0,96,240.0,6,88,145.8522050350346,4.976640019885677,26.42595773874039,6.519397659197677
13389,5,34.0,97,240.0,6,88,145.8959031657861,5.028480020092818,26.77451759288696,6.660597512515682
13390,5,34.0,98,240.0,6,88,145.9193630724026,5.08032002029996,27.2486435265446,6.927363445344755
13391,5,34.0,99,240.0,6,88,145.9645883159487,5.132160020507103,27.72829782232336,7.199657740294954
13392,5,34.0,100,240.0,6,88,146.0112925595512,5.184000020714245,28.08379623859924,7.347796155742267
13393,5,34.0,101,240.0,6,88,146.0364063539454,5.235840020921387,28.57348759441107,7.630127510725528
13394,5,34.0,102,240.0,6,88,146.0842191519021,5.287680021128528,29.06928793318059,7.918567848666474
13395,5,34.0,103,240.0,6,88,146.1333991880158,5.33952002133567,29.57196367408802,8.213883588745336
13396,5,34.0,104,240.0,6,88,146.1830642013291,5.391360021542813,30.08106871887187,8.515628632700624
13397,5,34.0,105,240.0,6,88,146.2335849362925,5.443200021749955,30.59660375004959,8.823803663049771
13398,5,34.0,106,240.0,6,88,146.2850351541271,5.495040021957096,30.9709116484748,8.990751560646412
13399,5,34.0,107,240.0,6,88,146.3120286643937,5.546880022164238,31.49634735971954,9.30882727106258
13400,5,34.0,108,240.0,6,88,146.364876030418,5.5987200223713804,32.0267423244611,9.631862234975577
13401,5,34.0,109,240.0,6,88,146.4193987228694,5.650560022578523,32.41028486861906,9.80804477830496
13402,5,34.0,110,240.0,6,88,146.4482969908577,5.702400022785665,32.9532058714341,10.14360578029144
13403,5,34.0,111,240.0,6,88,146.5043472098847,5.754240022992806,33.50177410670383,10.4848140147326
13404,5,34.0,112,240.0,6,88,146.562030740396,5.806080023199948,33.89591116732399,10.67159107452419
13405,5,34.0,113,240.0,6,88,146.5924289376807,5.8579200234070905,34.45640515070758,11.02472505707922
13406,5,34.0,114,240.0,6,88,146.650984265208,5.909760023614233,35.02314912471923,11.38410903026229
13407,5,34.0,115,240.0,6,88,146.7109668877753,5.961600023821375,35.5984054329142,11.75200533762869
13408,5,34.0,116,240.0,6,88,146.7718578213423,6.013440024028516,36.00500156627073,11.95124147015666
13409,5,34.0,117,240.0,6,88,146.8037659600327,6.065280024235658,36.58994822624962,12.32882812930698
13410,5,34.0,118,240.0,6,88,146.866274750458,6.117120024442801,37.18212992461736,12.71364982684617
13411,5,34.0,119,240.0,6,88,146.931016897127,6.168960024649943,37.59844677061758,12.92260667201781
13412,5,34.0,120,240.0,6,88,146.964806619937,6.220800024857084,38.20428580583198,13.32108570640364
13413,5,34.0,121,240.0,6,88,147.0313046146526,6.272640025064226,38.6255979009385,13.53503780068159
13414,5,34.0,122,240.0,6,88,147.0666805508738,6.324480025271368,39.24365466094824,13.94573455986276
13415,5,34.0,123,240.0,6,88,147.1348915539799,6.376320025478511,39.86875753572741,14.36347743381337
13416,5,34.0,124,240.0,6,88,147.2047918993247,6.428160025685653,40.50300572222434,14.79036561948172
13417,5,34.0,125,240.0,6,88,147.2756676543136,6.480000025892794,40.94173269393405,15.02173259036287
13418,5,34.0,126,240.0,6,88,147.312390865732,6.531840026099936,41.58974116872618,15.46238106432644
13419,5,34.0,127,240.0,6,88,147.3853008016108,6.583680026307079,42.24299384532604,15.90827374009773
13420,5,34.0,128,240.0,6,88,147.460621769921,6.635520026514221,42.69159033795619,16.14951023189931
13421,5,34.0,129,240.0,6,88,147.4993235928044,6.687360026721362,43.36125610371514,16.6118159968297
13422,5,34.0,130,240.0,6,88,147.5771149713395,6.739200026928504,43.81576783837715,16.85896773066313
13423,5,34.0,131,240.0,6,88,147.6176969527558,6.791040027135646,44.49860983569256,17.33444972714997
13424,5,34.0,132,240.0,6,88,147.6978032350006,6.8428800273427886,44.96189940166042,17.59037929228927
13425,5,34.0,133,240.0,6,88,147.7397120337668,6.894720027549931,45.66015547917444,18.08127536897473
13426,5,34.0,134,240.0,6,88,147.8217402652001,6.946560027757072,46.36535611341008,18.57911600238178
13427,5,34.0,135,240.0,6,88,147.9058440557476,6.998400027964214,47.08240812360368,19.08880801174682
